application_produced_year,sic,desktop_cpu_keywords,server_cpu_keywords,mobile_cpu_keywords,server_gpu_keywords,mobile_gpu_keywords,sum_obs,desktop_cpu_keywords_fraction,server_cpu_keywords_fraction,mobile_cpu_keywords_fraction,server_gpu_keywords_fraction,mobile_gpu_keywords_fraction
2004,1,0,0,0,0,0,0,0.17073171,0.12195122,0.3902439,0.07317073,0.24390244
2016,1,0,1,4,0,1,6,0.17073171,0.12195122,0.3902439,0.07317073,0.24390244
2006,1,2,1,4,1,2,10,0.17073171,0.12195122,0.3902439,0.07317073,0.24390244
2007,1,0,0,5,0,5,10,0.17073171,0.12195122,0.3902439,0.07317073,0.24390244
2008,1,1,1,5,1,3,11,0.17073171,0.12195122,0.3902439,0.07317073,0.24390244
2014,1,0,1,5,0,5,11,0.17073171,0.12195122,0.3902439,0.07317073,0.24390244
2013,1,1,1,6,1,3,12,0.17073171,0.12195122,0.3902439,0.07317073,0.24390244
2011,1,2,1,6,0,4,13,0.17073171,0.12195122,0.3902439,0.07317073,0.24390244
2005,1,1,1,5,1,6,14,0.17073171,0.12195122,0.3902439,0.07317073,0.24390244
2012,1,3,0,7,0,4,14,0.17073171,0.12195122,0.3902439,0.07317073,0.24390244
2009,1,3,1,6,2,4,16,0.17073171,0.12195122,0.3902439,0.07317073,0.24390244
2017,1,3,2,11,1,4,21,0.14285714,0.0952381,0.52380952,0.04761905,0.19047619
2010,1,3,2,12,1,7,25,0.12,0.08,0.48,0.04,0.28
2015,1,5,3,12,0,6,26,0.19230769,0.11538462,0.46153846,0,0.23076923
2018,1,7,5,16,3,10,41,0.17073171,0.12195122,0.3902439,0.07317073,0.24390244
2004,2,0,0,0,0,0,0,0.234313725,0.11078431,0.359803925,0.092156865,0.202941175
2010,2,0,0,0,0,1,1,0.234313725,0.11078431,0.359803925,0.092156865,0.202941175
2013,2,0,1,1,1,1,4,0.234313725,0.11078431,0.359803925,0.092156865,0.202941175
2005,2,0,1,2,0,3,6,0.234313725,0.11078431,0.359803925,0.092156865,0.202941175
2007,2,2,1,2,1,0,6,0.234313725,0.11078431,0.359803925,0.092156865,0.202941175
2011,2,3,0,4,0,0,7,0.234313725,0.11078431,0.359803925,0.092156865,0.202941175
2008,2,2,1,3,2,3,11,0.234313725,0.11078431,0.359803925,0.092156865,0.202941175
2012,2,1,1,3,3,3,11,0.234313725,0.11078431,0.359803925,0.092156865,0.202941175
2006,2,2,1,4,2,3,12,0.234313725,0.11078431,0.359803925,0.092156865,0.202941175
2017,2,3,2,4,1,2,12,0.234313725,0.11078431,0.359803925,0.092156865,0.202941175
2009,2,3,1,6,2,2,14,0.234313725,0.11078431,0.359803925,0.092156865,0.202941175
2014,2,4,3,6,3,3,19,0.234313725,0.11078431,0.359803925,0.092156865,0.202941175
2015,2,3,3,7,2,5,20,0.15,0.15,0.35,0.1,0.25
2016,2,7,4,11,2,6,30,0.23333333,0.13333333,0.36666667,0.06666667,0.2
2018,2,8,3,12,4,7,34,0.23529412,0.08823529,0.35294118,0.11764706,0.20588235
2006,6,0,0,0,0,0,0,0.28947368,0.02631579,0.55263158,0.02631579,0.10526316
2004,6,0,1,0,0,0,1,0.28947368,0.02631579,0.55263158,0.02631579,0.10526316
2005,6,0,0,0,0,1,1,0.28947368,0.02631579,0.55263158,0.02631579,0.10526316
2008,6,3,1,3,1,1,9,0.28947368,0.02631579,0.55263158,0.02631579,0.10526316
2011,6,1,1,6,1,1,10,0.28947368,0.02631579,0.55263158,0.02631579,0.10526316
2007,6,3,1,5,1,1,11,0.28947368,0.02631579,0.55263158,0.02631579,0.10526316
2015,6,0,1,7,1,3,12,0.28947368,0.02631579,0.55263158,0.02631579,0.10526316
2009,6,3,2,7,2,4,18,0.28947368,0.02631579,0.55263158,0.02631579,0.10526316
2017,6,2,3,10,1,2,18,0.28947368,0.02631579,0.55263158,0.02631579,0.10526316
2013,6,4,3,9,3,2,21,0.19047619,0.14285714,0.42857143,0.14285714,0.0952381
2014,6,3,5,9,2,2,21,0.14285714,0.23809524,0.42857143,0.0952381,0.0952381
2016,6,5,4,6,3,3,21,0.23809524,0.19047619,0.28571429,0.14285714,0.14285714
2012,6,6,2,11,2,5,26,0.23076923,0.07692308,0.42307692,0.07692308,0.19230769
2010,6,6,4,11,4,4,29,0.20689655,0.13793103,0.37931034,0.13793103,0.13793103
2018,6,11,1,21,1,4,38,0.28947368,0.02631579,0.55263158,0.02631579,0.10526316
2019,7,0,0,0,0,0,0,0.173142529,0.129407628,0.315829845,0.103004629,0.27861537
2004,7,1,1,5,1,4,12,0.173142529,0.129407628,0.315829845,0.103004629,0.27861537
2008,7,21,10,38,7,36,112,0.1875,0.08928571,0.33928571,0.0625,0.32142857
2006,7,19,11,41,14,47,132,0.14393939,0.08333333,0.31060606,0.10606061,0.35606061
2005,7,25,20,39,12,47,143,0.17482517,0.13986014,0.27272727,0.08391608,0.32867133
2007,7,25,21,38,20,47,151,0.16556291,0.13907285,0.25165563,0.13245033,0.31125828
2015,7,30,23,54,20,42,169,0.17751479,0.13609467,0.31952663,0.1183432,0.24852071
2017,7,36,26,50,21,36,169,0.21301775,0.15384615,0.29585799,0.12426036,0.21301775
2012,7,26,25,59,18,47,175,0.14857143,0.14285714,0.33714286,0.10285714,0.26857143
2009,7,29,19,65,18,52,183,0.15846995,0.10382514,0.35519126,0.09836066,0.28415301
2011,7,36,24,68,17,46,191,0.18848168,0.12565445,0.35602094,0.08900524,0.2408377
2013,7,35,31,55,22,48,191,0.18324607,0.16230366,0.28795812,0.11518325,0.2513089
2010,7,26,17,67,19,65,194,0.13402062,0.08762887,0.34536082,0.09793814,0.33505155
2014,7,34,33,67,18,55,207,0.16425121,0.15942029,0.3236715,0.08695652,0.26570048
2016,7,43,33,64,24,52,216,0.19907407,0.15277778,0.2962963,0.11111111,0.24074074
2018,7,41,30,73,25,52,221,0.18552036,0.13574661,0.33031674,0.11312217,0.23529412
2004,8,0,0,0,0,0,0,0.198885403,0.122431207,0.381922673,0.15412748,0.142633227
2007,8,2,0,4,1,1,8,0.198885403,0.122431207,0.381922673,0.15412748,0.142633227
2009,8,1,1,8,2,1,13,0.198885403,0.122431207,0.381922673,0.15412748,0.142633227
2005,8,2,1,4,2,5,14,0.198885403,0.122431207,0.381922673,0.15412748,0.142633227
2014,8,3,1,8,1,2,15,0.198885403,0.122431207,0.381922673,0.15412748,0.142633227
2008,8,2,2,8,1,3,16,0.198885403,0.122431207,0.381922673,0.15412748,0.142633227
2011,8,6,0,8,2,0,16,0.198885403,0.122431207,0.381922673,0.15412748,0.142633227
2015,8,3,2,6,3,3,17,0.198885403,0.122431207,0.381922673,0.15412748,0.142633227
2010,8,2,3,9,4,3,21,0.0952381,0.14285714,0.42857143,0.19047619,0.14285714
2016,8,4,2,12,2,2,22,0.18181818,0.09090909,0.54545455,0.09090909,0.09090909
2006,8,4,3,6,5,5,23,0.17391304,0.13043478,0.26086957,0.2173913,0.2173913
2013,8,4,3,11,4,5,27,0.14814815,0.11111111,0.40740741,0.14814815,0.18518519
2012,8,8,2,14,5,4,33,0.24242424,0.06060606,0.42424242,0.15151515,0.12121212
2017,8,6,5,13,4,5,33,0.18181818,0.15151515,0.39393939,0.12121212,0.15151515
2018,8,10,9,19,11,9,58,0.17241379,0.15517241,0.32758621,0.18965517,0.15517241
2019,9,0,1,1,0,1,3,0.114014336,0.108488883,0.330735514,0.058707054,0.388054218
2004,9,2,1,5,0,5,13,0.114014336,0.108488883,0.330735514,0.058707054,0.388054218
2012,9,25,21,69,11,89,215,0.11627907,0.09767442,0.32093023,0.05116279,0.41395349
2015,9,31,36,66,18,80,231,0.13419913,0.15584416,0.28571429,0.07792208,0.34632035
2016,9,35,41,74,21,90,261,0.13409962,0.15708812,0.2835249,0.08045977,0.34482759
2007,9,26,26,98,17,106,273,0.0952381,0.0952381,0.35897436,0.06227106,0.38827839
2017,9,30,32,86,17,108,273,0.10989011,0.11721612,0.31501832,0.06227106,0.3956044
2008,9,29,29,103,14,122,297,0.0976431,0.0976431,0.34680135,0.04713805,0.41077441
2006,9,33,23,101,18,125,300,0.11,0.07666667,0.33666667,0.06,0.41666667
2013,9,38,44,99,23,106,310,0.12258065,0.14193548,0.31935484,0.07419355,0.34193548
2011,9,36,30,106,15,129,316,0.11392405,0.09493671,0.33544304,0.04746835,0.40822785
2014,9,38,41,105,15,117,316,0.12025316,0.12974684,0.33227848,0.04746835,0.37025316
2009,9,42,34,123,17,139,355,0.11830986,0.09577465,0.34647887,0.04788732,0.3915493
2005,9,39,31,142,29,159,400,0.0975,0.0775,0.355,0.0725,0.3975
2010,9,38,29,149,16,171,403,0.0942928,0.0719603,0.36972705,0.03970223,0.42431762
2018,9,59,49,145,23,171,447,0.13199105,0.10961969,0.32438479,0.05145414,0.38255034
2004,11,0,0,0,0,0,0,0.16129032,0.177419355,0.290322585,0.08064516,0.290322585
2013,11,1,1,1,1,2,6,0.16129032,0.177419355,0.290322585,0.08064516,0.290322585
2017,11,1,4,4,1,1,11,0.16129032,0.177419355,0.290322585,0.08064516,0.290322585
2012,11,2,1,6,0,3,12,0.16129032,0.177419355,0.290322585,0.08064516,0.290322585
2016,11,2,3,4,1,3,13,0.16129032,0.177419355,0.290322585,0.08064516,0.290322585
2007,11,2,3,4,1,5,15,0.16129032,0.177419355,0.290322585,0.08064516,0.290322585
2015,11,4,3,6,0,2,15,0.16129032,0.177419355,0.290322585,0.08064516,0.290322585
2010,11,4,1,7,0,4,16,0.16129032,0.177419355,0.290322585,0.08064516,0.290322585
2014,11,4,3,4,3,4,18,0.16129032,0.177419355,0.290322585,0.08064516,0.290322585
2018,11,2,2,9,1,6,20,0.1,0.1,0.45,0.05,0.3
2005,11,3,4,7,1,6,21,0.14285714,0.19047619,0.33333333,0.04761905,0.28571429
2009,11,6,1,10,1,5,23,0.26086957,0.04347826,0.43478261,0.04347826,0.2173913
2011,11,6,4,8,1,5,24,0.25,0.16666667,0.33333333,0.04166667,0.20833333
2006,11,5,5,8,3,10,31,0.16129032,0.16129032,0.25806452,0.09677419,0.32258065
2008,11,5,6,10,2,8,31,0.16129032,0.19354839,0.32258065,0.06451613,0.25806452
2004,12,0,0,0,0,0,0,0.12512219,0.109970675,0.345063535,0.217008795,0.2028348
2006,12,0,0,0,0,2,2,0.12512219,0.109970675,0.345063535,0.217008795,0.2028348
2007,12,1,1,2,0,2,6,0.12512219,0.109970675,0.345063535,0.217008795,0.2028348
2013,12,0,0,5,0,3,8,0.12512219,0.109970675,0.345063535,0.217008795,0.2028348
2005,12,3,1,3,1,2,10,0.12512219,0.109970675,0.345063535,0.217008795,0.2028348
2008,12,3,0,6,2,1,12,0.12512219,0.109970675,0.345063535,0.217008795,0.2028348
2009,12,3,3,5,2,2,15,0.12512219,0.109970675,0.345063535,0.217008795,0.2028348
2015,12,2,1,6,2,5,16,0.12512219,0.109970675,0.345063535,0.217008795,0.2028348
2012,12,4,2,7,2,2,17,0.12512219,0.109970675,0.345063535,0.217008795,0.2028348
2011,12,4,2,7,3,5,21,0.19047619,0.0952381,0.33333333,0.14285714,0.23809524
2014,12,3,2,9,5,2,21,0.14285714,0.0952381,0.42857143,0.23809524,0.0952381
2010,12,3,3,8,4,4,22,0.13636364,0.13636364,0.36363636,0.18181818,0.18181818
2017,12,5,3,12,3,3,26,0.19230769,0.11538462,0.46153846,0.11538462,0.11538462
2016,12,4,4,12,5,6,31,0.12903226,0.12903226,0.38709677,0.16129032,0.19354839
2018,12,4,3,10,9,7,33,0.12121212,0.09090909,0.3030303,0.27272727,0.21212121
2004,13,0,0,0,0,0,0,0.215648723,0.159010917,0.308374116,0.145260054,0.171706193
2006,13,0,0,2,0,1,3,0.215648723,0.159010917,0.308374116,0.145260054,0.171706193
2005,13,2,0,2,0,0,4,0.215648723,0.159010917,0.308374116,0.145260054,0.171706193
2015,13,2,1,4,1,2,10,0.215648723,0.159010917,0.308374116,0.145260054,0.171706193
2008,13,2,1,5,2,2,12,0.215648723,0.159010917,0.308374116,0.145260054,0.171706193
2014,13,4,4,10,2,3,23,0.17391304,0.17391304,0.43478261,0.08695652,0.13043478
2009,13,6,7,7,3,3,26,0.23076923,0.26923077,0.26923077,0.11538462,0.11538462
2010,13,6,4,9,2,6,27,0.22222222,0.14814815,0.33333333,0.07407407,0.22222222
2007,13,7,5,7,5,6,30,0.23333333,0.16666667,0.23333333,0.16666667,0.2
2011,13,8,4,9,4,5,30,0.26666667,0.13333333,0.3,0.13333333,0.16666667
2012,13,5,5,14,2,4,30,0.16666667,0.16666667,0.46666667,0.06666667,0.13333333
2013,13,8,6,11,5,6,36,0.22222222,0.16666667,0.30555556,0.13888889,0.16666667
2016,13,7,5,11,8,9,40,0.175,0.125,0.275,0.2,0.225
2017,13,11,7,13,7,6,44,0.25,0.15909091,0.29545455,0.15909091,0.13636364
2018,13,9,9,13,7,8,46,0.19565217,0.19565217,0.2826087,0.15217391,0.17391304
2019,14,0,1,1,0,1,3,0.154516584,0.139116996,0.293075973,0.098177369,0.315113079
2004,14,4,2,9,1,9,25,0.16,0.08,0.36,0.04,0.36
2012,14,78,61,140,42,144,465,0.16774194,0.1311828,0.30107527,0.09032258,0.30967742
2007,14,67,58,156,55,167,503,0.1332008,0.11530815,0.31013917,0.10934394,0.33200795
2006,14,76,50,153,45,188,512,0.1484375,0.09765625,0.29882813,0.08789063,0.3671875
2008,14,73,57,165,45,185,525,0.13904762,0.10857143,0.31428571,0.08571429,0.35238095
2015,14,88,94,143,60,160,545,0.16146789,0.17247706,0.26238532,0.11009174,0.29357798
2013,14,101,98,165,70,174,608,0.16611842,0.16118421,0.27138158,0.11513158,0.28618421
2009,14,86,85,201,50,212,634,0.13564669,0.1340694,0.3170347,0.07886435,0.33438486
2016,14,115,110,161,85,163,634,0.18138801,0.17350158,0.25394322,0.1340694,0.25709779
2014,14,102,107,184,64,189,646,0.15789474,0.16563467,0.28482972,0.09907121,0.29256966
2011,14,97,84,200,53,215,649,0.14946071,0.12942989,0.30816641,0.0816641,0.33127889
2017,14,109,112,176,72,188,657,0.16590563,0.17047184,0.26788432,0.10958904,0.28614916
2005,14,94,74,213,60,219,660,0.14242424,0.11212121,0.32272727,0.09090909,0.33181818
2010,14,100,86,230,55,256,727,0.13755158,0.11829436,0.31636864,0.07565337,0.35213205
2018,14,175,156,271,105,282,989,0.17694641,0.15773509,0.27401416,0.10616785,0.2851365
2006,15,0,0,1,0,0,1,0.280434785,0.04927536,0.445652175,0.15869565,0.06594203
2005,15,2,0,0,1,0,3,0.280434785,0.04927536,0.445652175,0.15869565,0.06594203
2012,15,1,0,3,0,0,4,0.280434785,0.04927536,0.445652175,0.15869565,0.06594203
2008,15,3,1,2,0,0,6,0.280434785,0.04927536,0.445652175,0.15869565,0.06594203
2007,15,3,2,1,0,2,8,0.280434785,0.04927536,0.445652175,0.15869565,0.06594203
2010,15,1,0,5,1,1,8,0.280434785,0.04927536,0.445652175,0.15869565,0.06594203
2014,15,2,0,5,1,0,8,0.280434785,0.04927536,0.445652175,0.15869565,0.06594203
2011,15,2,0,5,0,2,9,0.280434785,0.04927536,0.445652175,0.15869565,0.06594203
2009,15,2,1,4,1,2,10,0.280434785,0.04927536,0.445652175,0.15869565,0.06594203
2013,15,3,0,5,2,1,11,0.280434785,0.04927536,0.445652175,0.15869565,0.06594203
2016,15,4,0,10,1,0,15,0.280434785,0.04927536,0.445652175,0.15869565,0.06594203
2015,15,5,2,6,2,2,17,0.280434785,0.04927536,0.445652175,0.15869565,0.06594203
2017,15,9,1,15,3,2,30,0.3,0.03333333,0.5,0.1,0.06666667
2018,15,12,3,18,10,3,46,0.26086957,0.06521739,0.39130435,0.2173913,0.06521739
2004,16,0,0,2,0,1,3,0.218425785,0.102472825,0.376913944,0.132553767,0.169633679
2007,16,12,6,17,4,7,46,0.26086957,0.13043478,0.36956522,0.08695652,0.15217391
2005,16,17,7,19,5,11,59,0.28813559,0.11864407,0.3220339,0.08474576,0.18644068
2006,16,16,7,20,9,15,67,0.23880597,0.10447761,0.29850746,0.13432836,0.2238806
2008,16,19,6,31,8,12,76,0.25,0.07894737,0.40789474,0.10526316,0.15789474
2010,16,15,10,32,12,13,82,0.18292683,0.12195122,0.3902439,0.14634146,0.15853659
2011,16,25,10,31,12,13,91,0.27472527,0.10989011,0.34065934,0.13186813,0.14285714
2009,16,18,9,37,12,16,92,0.19565217,0.09782609,0.40217391,0.13043478,0.17391304
2013,16,16,11,40,12,19,98,0.16326531,0.1122449,0.40816327,0.12244898,0.19387755
2014,16,21,13,36,15,16,101,0.20792079,0.12871287,0.35643564,0.14851485,0.15841584
2012,16,22,9,41,16,18,106,0.20754717,0.08490566,0.38679245,0.1509434,0.16981132
2017,16,29,11,47,18,18,123,0.23577236,0.08943089,0.38211382,0.14634146,0.14634146
2015,16,26,13,50,17,26,132,0.1969697,0.09848485,0.37878788,0.12878788,0.1969697
2016,16,29,11,59,15,21,135,0.21481481,0.08148148,0.43703704,0.11111111,0.15555556
2018,16,48,21,68,36,33,206,0.23300971,0.10194175,0.33009709,0.17475728,0.16019417
2004,17,0,0,2,0,1,3,0.269342025,0.118163347,0.344115924,0.134906634,0.133472069
2007,17,5,3,7,2,2,19,0.269342025,0.118163347,0.344115924,0.134906634,0.133472069
2010,17,5,3,8,4,6,26,0.19230769,0.11538462,0.30769231,0.15384615,0.23076923
2011,17,8,5,10,2,2,27,0.2962963,0.18518519,0.37037037,0.07407407,0.07407407
2006,17,9,7,9,5,7,37,0.24324324,0.18918919,0.24324324,0.13513514,0.18918919
2013,17,11,4,14,5,5,39,0.28205128,0.1025641,0.35897436,0.12820513,0.12820513
2008,17,11,4,17,4,4,40,0.275,0.1,0.425,0.1,0.1
2009,17,10,6,16,4,6,42,0.23809524,0.14285714,0.38095238,0.0952381,0.14285714
2014,17,12,5,16,6,5,44,0.27272727,0.11363636,0.36363636,0.13636364,0.11363636
2005,17,13,7,16,5,5,46,0.2826087,0.15217391,0.34782609,0.10869565,0.10869565
2012,17,14,5,17,8,6,50,0.28,0.1,0.34,0.16,0.12
2017,17,19,5,22,7,6,59,0.3220339,0.08474576,0.37288136,0.11864407,0.10169492
2015,17,22,11,29,14,15,91,0.24175824,0.12087912,0.31868132,0.15384615,0.16483516
2018,17,28,8,32,13,12,93,0.30107527,0.08602151,0.34408602,0.13978495,0.12903226
2016,17,23,12,31,15,13,94,0.24468085,0.12765957,0.32978723,0.15957447,0.13829787
2004,19,0,0,0,0,0,0,#DIV/0!,#DIV/0!,#DIV/0!,#DIV/0!,#DIV/0!
2005,19,0,0,0,0,0,0,#DIV/0!,#DIV/0!,#DIV/0!,#DIV/0!,#DIV/0!
2006,19,0,0,0,0,0,0,#DIV/0!,#DIV/0!,#DIV/0!,#DIV/0!,#DIV/0!
2007,19,0,0,0,0,0,0,#DIV/0!,#DIV/0!,#DIV/0!,#DIV/0!,#DIV/0!
2012,19,0,0,0,0,0,0,#DIV/0!,#DIV/0!,#DIV/0!,#DIV/0!,#DIV/0!
2013,19,0,0,0,0,0,0,#DIV/0!,#DIV/0!,#DIV/0!,#DIV/0!,#DIV/0!
2016,19,0,0,0,0,0,0,#DIV/0!,#DIV/0!,#DIV/0!,#DIV/0!,#DIV/0!
2008,19,0,0,0,1,0,1,#DIV/0!,#DIV/0!,#DIV/0!,#DIV/0!,#DIV/0!
2010,19,1,0,1,0,0,2,#DIV/0!,#DIV/0!,#DIV/0!,#DIV/0!,#DIV/0!
2011,19,1,0,1,0,0,2,#DIV/0!,#DIV/0!,#DIV/0!,#DIV/0!,#DIV/0!
2015,19,1,0,1,0,1,3,#DIV/0!,#DIV/0!,#DIV/0!,#DIV/0!,#DIV/0!
2009,19,1,0,3,0,0,4,#DIV/0!,#DIV/0!,#DIV/0!,#DIV/0!,#DIV/0!
2018,19,2,0,4,0,1,7,#DIV/0!,#DIV/0!,#DIV/0!,#DIV/0!,#DIV/0!
2017,19,2,1,3,1,1,8,#DIV/0!,#DIV/0!,#DIV/0!,#DIV/0!,#DIV/0!
2014,19,2,1,3,1,2,9,#DIV/0!,#DIV/0!,#DIV/0!,#DIV/0!,#DIV/0!
2004,20,0,0,0,0,0,0,#DIV/0!,#DIV/0!,#DIV/0!,#DIV/0!,#DIV/0!
2006,20,0,0,0,0,0,0,#DIV/0!,#DIV/0!,#DIV/0!,#DIV/0!,#DIV/0!
2009,20,0,0,1,0,0,1,#DIV/0!,#DIV/0!,#DIV/0!,#DIV/0!,#DIV/0!
2010,20,0,0,0,0,1,1,#DIV/0!,#DIV/0!,#DIV/0!,#DIV/0!,#DIV/0!
2008,20,1,1,0,0,0,2,#DIV/0!,#DIV/0!,#DIV/0!,#DIV/0!,#DIV/0!
2012,20,0,0,1,0,1,2,#DIV/0!,#DIV/0!,#DIV/0!,#DIV/0!,#DIV/0!
2013,20,1,1,0,0,0,2,#DIV/0!,#DIV/0!,#DIV/0!,#DIV/0!,#DIV/0!
2016,20,0,0,2,0,1,3,#DIV/0!,#DIV/0!,#DIV/0!,#DIV/0!,#DIV/0!
2018,20,1,1,0,0,1,3,#DIV/0!,#DIV/0!,#DIV/0!,#DIV/0!,#DIV/0!
2015,20,1,1,1,1,0,4,#DIV/0!,#DIV/0!,#DIV/0!,#DIV/0!,#DIV/0!
2017,20,1,0,2,0,1,4,#DIV/0!,#DIV/0!,#DIV/0!,#DIV/0!,#DIV/0!
2011,20,3,1,3,0,0,7,#DIV/0!,#DIV/0!,#DIV/0!,#DIV/0!,#DIV/0!
2014,20,1,1,2,1,2,7,#DIV/0!,#DIV/0!,#DIV/0!,#DIV/0!,#DIV/0!
2007,20,2,1,2,1,2,8,#DIV/0!,#DIV/0!,#DIV/0!,#DIV/0!,#DIV/0!
2005,20,4,4,5,5,3,21,0.19047619,0.19047619,0.23809524,0.23809524,0.14285714
2004,21,0,0,1,0,0,1,0.28029194,0.086565214,0.365526377,0.127212185,0.140404289
2006,21,15,6,17,7,8,53,0.28301887,0.11320755,0.32075472,0.13207547,0.1509434
2007,21,15,5,21,6,6,53,0.28301887,0.09433962,0.39622642,0.11320755,0.11320755
2008,21,15,4,24,6,6,55,0.27272727,0.07272727,0.43636364,0.10909091,0.10909091
2010,21,16,5,20,7,8,56,0.28571429,0.08928571,0.35714286,0.125,0.14285714
2016,21,19,3,25,9,10,66,0.28787879,0.04545455,0.37878788,0.13636364,0.15151515
2013,21,20,7,27,9,10,73,0.2739726,0.09589041,0.36986301,0.12328767,0.1369863
2005,21,21,8,24,9,13,75,0.28,0.10666667,0.32,0.12,0.17333333
2009,21,16,9,30,9,15,79,0.20253165,0.11392405,0.37974684,0.11392405,0.18987342
2017,21,22,7,25,15,12,81,0.27160494,0.08641975,0.30864198,0.18518519,0.14814815
2011,21,27,10,28,12,9,86,0.31395349,0.11627907,0.3255814,0.13953488,0.10465116
2014,21,27,8,31,9,11,86,0.31395349,0.09302326,0.36046512,0.10465116,0.12790698
2015,21,26,5,35,11,11,88,0.29545455,0.05681818,0.39772727,0.125,0.125
2012,21,24,7,37,10,16,94,0.25531915,0.07446809,0.39361702,0.10638298,0.17021277
2018,21,36,11,41,18,15,121,0.29752066,0.09090909,0.33884298,0.14876033,0.12396694
2004,23,0,0,1,0,0,1,0.34109489,0.060791746,0.415220342,0.09701991,0.085873114
2013,23,4,0,4,2,3,13,0.34109489,0.060791746,0.415220342,0.09701991,0.085873114
2005,23,7,0,6,0,1,14,0.34109489,0.060791746,0.415220342,0.09701991,0.085873114
2009,23,7,1,6,2,1,17,0.34109489,0.060791746,0.415220342,0.09701991,0.085873114
2008,23,6,1,6,2,5,20,0.3,0.05,0.3,0.1,0.25
2014,23,10,0,13,0,0,23,0.43478261,0,0.56521739,0,0
2006,23,9,2,12,2,2,27,0.33333333,0.07407407,0.44444444,0.07407407,0.07407407
2007,23,10,1,14,1,1,27,0.37037037,0.03703704,0.51851852,0.03703704,0.03703704
2016,23,11,2,10,2,2,27,0.40740741,0.07407407,0.37037037,0.07407407,0.07407407
2015,23,9,1,11,4,3,28,0.32142857,0.03571429,0.39285714,0.14285714,0.10714286
2018,23,13,2,15,2,3,35,0.37142857,0.05714286,0.42857143,0.05714286,0.08571429
2012,23,13,3,14,4,4,38,0.34210526,0.07894737,0.36842105,0.10526316,0.10526316
2011,23,12,4,16,4,4,40,0.3,0.1,0.4,0.1,0.1
2010,23,15,1,20,2,3,41,0.36585366,0.02439024,0.48780488,0.04878049,0.07317073
2017,23,15,2,18,8,3,46,0.32608696,0.04347826,0.39130435,0.17391304,0.06521739
2004,24,0,0,0,0,0,0,0.241935485,0.096774195,0.338709675,0.19354839,0.129032255
2007,24,2,0,2,0,0,4,0.241935485,0.096774195,0.338709675,0.19354839,0.129032255
2009,24,2,0,2,1,1,6,0.241935485,0.096774195,0.338709675,0.19354839,0.129032255
2012,24,2,0,3,2,0,7,0.241935485,0.096774195,0.338709675,0.19354839,0.129032255
2006,24,3,0,4,1,0,8,0.241935485,0.096774195,0.338709675,0.19354839,0.129032255
2008,24,4,1,7,0,1,13,0.241935485,0.096774195,0.338709675,0.19354839,0.129032255
2014,24,5,0,7,1,1,14,0.241935485,0.096774195,0.338709675,0.19354839,0.129032255
2005,24,5,1,7,3,1,17,0.241935485,0.096774195,0.338709675,0.19354839,0.129032255
2011,24,5,0,6,3,3,17,0.241935485,0.096774195,0.338709675,0.19354839,0.129032255
2010,24,5,2,8,2,2,19,0.241935485,0.096774195,0.338709675,0.19354839,0.129032255
2015,24,6,2,6,5,2,21,0.28571429,0.0952381,0.28571429,0.23809524,0.0952381
2017,24,10,0,10,2,1,23,0.43478261,0,0.43478261,0.08695652,0.04347826
2016,24,9,2,9,4,1,25,0.36,0.08,0.36,0.16,0.04
2013,24,7,4,9,6,5,31,0.22580645,0.12903226,0.29032258,0.19354839,0.16129032
2018,24,8,2,12,6,3,31,0.25806452,0.06451613,0.38709677,0.19354839,0.09677419
2004,25,0,0,0,0,0,0,0.295893391,0.081479221,0.37582519,0.125376868,0.121425335
2009,25,2,1,4,3,2,12,0.295893391,0.081479221,0.37582519,0.125376868,0.121425335
2006,25,4,0,8,1,0,13,0.295893391,0.081479221,0.37582519,0.125376868,0.121425335
2007,25,4,0,5,2,2,13,0.295893391,0.081479221,0.37582519,0.125376868,0.121425335
2005,25,7,2,9,1,0,19,0.295893391,0.081479221,0.37582519,0.125376868,0.121425335
2012,25,8,1,10,2,2,23,0.34782609,0.04347826,0.43478261,0.08695652,0.08695652
2011,25,9,1,9,6,3,28,0.32142857,0.03571429,0.32142857,0.21428571,0.10714286
2008,25,11,3,10,3,3,30,0.36666667,0.1,0.33333333,0.1,0.1
2010,25,9,2,11,3,5,30,0.3,0.06666667,0.36666667,0.1,0.16666667
2015,25,10,2,13,2,3,30,0.33333333,0.06666667,0.43333333,0.06666667,0.1
2013,25,8,4,11,5,6,34,0.23529412,0.11764706,0.32352941,0.14705882,0.17647059
2014,25,10,2,15,3,6,36,0.27777778,0.05555556,0.41666667,0.08333333,0.16666667
2017,25,15,3,17,6,3,44,0.34090909,0.06818182,0.38636364,0.13636364,0.06818182
2018,25,14,5,24,8,4,55,0.25454545,0.09090909,0.43636364,0.14545455,0.07272727
2016,25,15,5,18,13,7,58,0.25862069,0.0862069,0.31034483,0.22413793,0.12068966
2004,26,0,0,0,0,0,0,0.324235943,0.09098739,0.37244136,0.114975707,0.0973596
2007,26,0,0,0,0,0,0,0.324235943,0.09098739,0.37244136,0.114975707,0.0973596
2009,26,1,1,1,1,2,6,0.324235943,0.09098739,0.37244136,0.114975707,0.0973596
2005,26,2,1,2,1,1,7,0.324235943,0.09098739,0.37244136,0.114975707,0.0973596
2006,26,1,1,2,1,2,7,0.324235943,0.09098739,0.37244136,0.114975707,0.0973596
2008,26,4,1,4,1,0,10,0.324235943,0.09098739,0.37244136,0.114975707,0.0973596
2010,26,4,1,3,2,1,11,0.324235943,0.09098739,0.37244136,0.114975707,0.0973596
2015,26,5,0,6,1,1,13,0.324235943,0.09098739,0.37244136,0.114975707,0.0973596
2011,26,7,2,6,1,2,18,0.324235943,0.09098739,0.37244136,0.114975707,0.0973596
2012,26,6,1,6,1,7,21,0.28571429,0.04761905,0.28571429,0.04761905,0.33333333
2016,26,7,2,9,3,2,23,0.30434783,0.08695652,0.39130435,0.13043478,0.08695652
2017,26,8,2,10,2,4,26,0.30769231,0.07692308,0.38461538,0.07692308,0.15384615
2014,26,8,4,10,4,5,31,0.25806452,0.12903226,0.32258065,0.12903226,0.16129032
2013,26,12,2,14,3,3,34,0.35294118,0.05882353,0.41176471,0.08823529,0.08823529
2018,26,17,4,18,6,2,47,0.36170213,0.08510638,0.38297872,0.12765957,0.04255319
2004,27,25,9,27,7,8,76,0.32894737,0.11842105,0.35526316,0.09210526,0.10526316
2005,27,779,289,899,207,271,2445,0.31860941,0.11820041,0.36768916,0.08466258,0.11083845
2011,27,829,275,919,208,284,2515,0.32962227,0.10934394,0.36540755,0.08270378,0.11292247
2007,27,829,326,957,239,283,2634,0.31473045,0.12376614,0.36332574,0.09073652,0.10744115
2010,27,932,281,1066,215,308,2802,0.33261956,0.10028551,0.38044254,0.07673091,0.10992148
2013,27,948,319,1069,226,334,2896,0.32734807,0.11015193,0.36912983,0.07803867,0.11533149
2009,27,967,330,1116,210,311,2934,0.32958419,0.11247444,0.3803681,0.07157464,0.10599864
2006,27,924,357,1074,264,328,2947,0.31353919,0.12114014,0.36443841,0.08958263,0.11129963
2008,27,986,379,1136,263,333,3097,0.31837262,0.12237649,0.36680659,0.08492089,0.10752341
2012,27,1050,338,1146,240,331,3105,0.33816425,0.10885668,0.36908213,0.07729469,0.10660225
2015,27,1065,371,1170,270,391,3267,0.32598714,0.11355984,0.35812672,0.08264463,0.11968167
2016,27,1115,381,1213,269,393,3371,0.33076239,0.11302284,0.35983388,0.07979828,0.11658262
2014,27,1198,414,1328,291,426,3657,0.32759092,0.11320755,0.36313919,0.07957342,0.11648893
2017,27,1263,411,1351,296,396,3717,0.33979015,0.11057304,0.36346516,0.07963411,0.10653753
2018,27,1338,518,1462,345,467,4130,0.32397094,0.12542373,0.35399516,0.08353511,0.11307506
2004,29,0,0,0,0,0,0,0.314867864,0.061426977,0.425478382,0.096491864,0.101734914
2006,29,9,2,11,2,4,28,0.32142857,0.07142857,0.39285714,0.07142857,0.14285714
2005,29,10,1,14,1,5,31,0.32258065,0.03225806,0.4516129,0.03225806,0.16129032
2007,29,10,3,11,6,4,34,0.29411765,0.08823529,0.32352941,0.17647059,0.11764706
2010,29,12,3,17,3,4,39,0.30769231,0.07692308,0.43589744,0.07692308,0.1025641
2016,29,13,1,20,4,1,39,0.33333333,0.02564103,0.51282051,0.1025641,0.02564103
2008,29,13,1,19,3,4,40,0.325,0.025,0.475,0.075,0.1
2014,29,18,2,20,4,4,48,0.375,0.04166667,0.41666667,0.08333333,0.08333333
2009,29,17,3,21,4,4,49,0.34693878,0.06122449,0.42857143,0.08163265,0.08163265
2013,29,15,5,20,5,7,52,0.28846154,0.09615385,0.38461538,0.09615385,0.13461538
2015,29,16,2,23,6,6,53,0.30188679,0.03773585,0.43396226,0.11320755,0.11320755
2012,29,21,3,29,6,6,65,0.32307692,0.04615385,0.44615385,0.09230769,0.09230769
2018,29,21,2,38,5,3,69,0.30434783,0.02898551,0.55072464,0.07246377,0.04347826
2011,29,20,7,25,9,9,70,0.28571429,0.1,0.35714286,0.12857143,0.12857143
2017,29,30,10,37,11,12,100,0.3,0.1,0.37,0.11,0.12
2004,30,1,0,1,0,0,2,0.305885755,0.087420112,0.391858192,0.105787957,0.109047982
2007,30,11,7,16,7,6,47,0.23404255,0.14893617,0.34042553,0.14893617,0.12765957
2006,30,17,6,20,6,7,56,0.30357143,0.10714286,0.35714286,0.10714286,0.125
2008,30,25,8,29,8,7,77,0.32467532,0.1038961,0.37662338,0.1038961,0.09090909
2009,30,28,6,30,8,9,81,0.34567901,0.07407407,0.37037037,0.09876543,0.11111111
2005,30,26,8,35,6,9,84,0.30952381,0.0952381,0.41666667,0.07142857,0.10714286
2010,30,30,7,40,8,10,95,0.31578947,0.07368421,0.42105263,0.08421053,0.10526316
2013,30,32,8,39,11,10,100,0.32,0.08,0.39,0.11,0.1
2014,30,31,6,50,13,10,110,0.28181818,0.05454545,0.45454545,0.11818182,0.09090909
2015,30,30,11,41,13,15,110,0.27272727,0.1,0.37272727,0.11818182,0.13636364
2012,30,31,12,43,12,15,113,0.27433628,0.10619469,0.38053097,0.10619469,0.13274336
2011,30,34,10,44,14,13,115,0.29565217,0.08695652,0.3826087,0.12173913,0.11304348
2017,30,43,8,49,15,13,128,0.3359375,0.0625,0.3828125,0.1171875,0.1015625
2016,30,48,12,57,16,14,147,0.32653061,0.08163265,0.3877551,0.10884354,0.0952381
2018,30,61,19,78,17,19,194,0.31443299,0.09793814,0.40206186,0.08762887,0.09793814
2004,31,0,0,0,0,0,0,0.253178671,0.127749104,0.373643749,0.103343679,0.142084794
2007,31,1,2,2,1,1,7,0.253178671,0.127749104,0.373643749,0.103343679,0.142084794
2008,31,3,1,4,4,0,12,0.253178671,0.127749104,0.373643749,0.103343679,0.142084794
2016,31,5,2,8,3,2,20,0.25,0.1,0.4,0.15,0.1
2009,31,7,1,9,2,2,21,0.33333333,0.04761905,0.42857143,0.0952381,0.0952381
2010,31,6,3,11,2,4,26,0.23076923,0.11538462,0.42307692,0.07692308,0.15384615
2005,31,7,4,10,3,5,29,0.24137931,0.13793103,0.34482759,0.10344828,0.17241379
2006,31,7,4,9,4,6,30,0.23333333,0.13333333,0.3,0.13333333,0.2
2012,31,5,5,11,3,6,30,0.16666667,0.16666667,0.36666667,0.1,0.2
2014,31,8,4,14,4,5,35,0.22857143,0.11428571,0.4,0.11428571,0.14285714
2011,31,11,4,16,2,3,36,0.30555556,0.11111111,0.44444444,0.05555556,0.08333333
2015,31,10,6,15,4,4,39,0.25641026,0.15384615,0.38461538,0.1025641,0.1025641
2017,31,13,4,14,4,6,41,0.31707317,0.09756098,0.34146341,0.09756098,0.14634146
2013,31,11,6,18,5,6,46,0.23913043,0.13043478,0.39130435,0.10869565,0.13043478
2018,31,17,7,22,7,8,61,0.27868852,0.1147541,0.36065574,0.1147541,0.13114754
2004,32,0,0,0,0,0,0,#DIV/0!,#DIV/0!,#DIV/0!,#DIV/0!,#DIV/0!
2005,32,1,0,2,0,0,3,#DIV/0!,#DIV/0!,#DIV/0!,#DIV/0!,#DIV/0!
2006,32,1,0,2,0,0,3,#DIV/0!,#DIV/0!,#DIV/0!,#DIV/0!,#DIV/0!
2008,32,2,0,3,0,0,5,#DIV/0!,#DIV/0!,#DIV/0!,#DIV/0!,#DIV/0!
2012,32,2,1,2,1,1,7,#DIV/0!,#DIV/0!,#DIV/0!,#DIV/0!,#DIV/0!
2018,32,2,0,4,0,1,7,#DIV/0!,#DIV/0!,#DIV/0!,#DIV/0!,#DIV/0!
2014,32,1,1,3,2,1,8,#DIV/0!,#DIV/0!,#DIV/0!,#DIV/0!,#DIV/0!
2009,32,2,1,2,2,2,9,#DIV/0!,#DIV/0!,#DIV/0!,#DIV/0!,#DIV/0!
2015,32,3,1,3,2,1,10,#DIV/0!,#DIV/0!,#DIV/0!,#DIV/0!,#DIV/0!
2016,32,2,2,2,2,2,10,#DIV/0!,#DIV/0!,#DIV/0!,#DIV/0!,#DIV/0!
2011,32,3,1,3,2,2,11,#DIV/0!,#DIV/0!,#DIV/0!,#DIV/0!,#DIV/0!
2007,32,4,0,4,2,2,12,#DIV/0!,#DIV/0!,#DIV/0!,#DIV/0!,#DIV/0!
2017,32,4,2,4,3,2,15,#DIV/0!,#DIV/0!,#DIV/0!,#DIV/0!,#DIV/0!
2010,32,5,3,6,3,3,20,0.25,0.15,0.3,0.15,0.15
2013,32,5,4,4,4,3,20,0.25,0.2,0.2,0.2,0.15
2004,35,4,3,3,3,2,15,0.329967906,0.117829318,0.375125508,0.088924631,0.088152636
2006,35,45,12,46,12,12,127,0.35433071,0.09448819,0.36220472,0.09448819,0.09448819
2005,35,43,17,48,11,10,129,0.33333333,0.13178295,0.37209302,0.08527132,0.07751938
2009,35,52,19,59,14,13,157,0.33121019,0.12101911,0.37579618,0.08917197,0.08280255
2012,35,51,18,65,8,15,157,0.32484076,0.11464968,0.41401274,0.05095541,0.0955414
2013,35,52,21,61,17,13,164,0.31707317,0.12804878,0.37195122,0.10365854,0.07926829
2011,35,64,15,73,9,20,181,0.35359116,0.08287293,0.40331492,0.04972376,0.11049724
2010,35,58,28,65,19,18,188,0.30851064,0.14893617,0.34574468,0.10106383,0.09574468
2015,35,73,17,82,13,11,196,0.37244898,0.08673469,0.41836735,0.06632653,0.05612245
2007,35,60,27,64,24,24,199,0.30150754,0.13567839,0.32160804,0.12060302,0.12060302
2008,35,68,29,76,23,19,215,0.31627907,0.13488372,0.35348837,0.10697674,0.08837209
2014,35,75,22,81,20,18,216,0.34722222,0.10185185,0.375,0.09259259,0.08333333
2016,35,73,28,84,21,17,223,0.32735426,0.12556054,0.37668161,0.0941704,0.07623318
2018,35,79,28,100,18,15,240,0.32916667,0.11666667,0.41666667,0.075,0.0625
2017,35,79,33,90,30,29,261,0.30268199,0.12643678,0.34482759,0.11494253,0.11111111
2004,36,2,1,2,1,1,7,0.311145007,0.09252597,0.364242713,0.115548054,0.116538252
2008,36,19,1,19,5,4,48,0.39583333,0.02083333,0.39583333,0.10416667,0.08333333
2007,36,28,6,23,5,7,69,0.4057971,0.08695652,0.33333333,0.07246377,0.10144928
2005,36,22,8,26,8,6,70,0.31428571,0.11428571,0.37142857,0.11428571,0.08571429
2011,36,26,7,35,13,10,91,0.28571429,0.07692308,0.38461538,0.14285714,0.10989011
2009,36,26,10,31,15,14,96,0.27083333,0.10416667,0.32291667,0.15625,0.14583333
2013,36,27,12,33,13,14,99,0.27272727,0.12121212,0.33333333,0.13131313,0.14141414
2010,36,35,9,44,11,10,109,0.32110092,0.08256881,0.40366972,0.10091743,0.09174312
2006,36,35,12,38,14,15,114,0.30701754,0.10526316,0.33333333,0.12280702,0.13157895
2012,36,35,13,40,14,18,120,0.29166667,0.10833333,0.33333333,0.11666667,0.15
2015,36,36,12,47,14,15,124,0.29032258,0.09677419,0.37903226,0.11290323,0.12096774
2016,36,45,9,52,14,13,133,0.33834586,0.06766917,0.39097744,0.10526316,0.09774436
2014,36,45,15,53,14,12,139,0.32374101,0.10791367,0.38129496,0.10071942,0.08633094
2017,36,48,12,49,17,19,145,0.33103448,0.08275862,0.33793103,0.11724138,0.13103448
2018,36,52,16,70,16,20,174,0.29885057,0.09195402,0.40229885,0.09195402,0.11494253
2004,38,0,0,0,0,0,0,0.302364067,0.12434988,0.29527187,0.135460993,0.14255319
2007,38,3,0,2,0,0,5,0.302364067,0.12434988,0.29527187,0.135460993,0.14255319
2008,38,3,0,2,2,0,7,0.302364067,0.12434988,0.29527187,0.135460993,0.14255319
2006,38,2,1,3,2,2,10,0.302364067,0.12434988,0.29527187,0.135460993,0.14255319
2010,38,4,0,6,1,1,12,0.302364067,0.12434988,0.29527187,0.135460993,0.14255319
2005,38,4,2,5,2,2,15,0.302364067,0.12434988,0.29527187,0.135460993,0.14255319
2016,38,3,2,5,3,2,15,0.302364067,0.12434988,0.29527187,0.135460993,0.14255319
2009,38,8,1,6,1,2,18,0.302364067,0.12434988,0.29527187,0.135460993,0.14255319
2014,38,5,2,7,2,2,18,0.302364067,0.12434988,0.29527187,0.135460993,0.14255319
2012,38,4,5,4,3,3,19,0.302364067,0.12434988,0.29527187,0.135460993,0.14255319
2011,38,7,4,7,4,4,26,0.26923077,0.15384615,0.26923077,0.15384615,0.15384615
2017,38,9,3,8,4,3,27,0.33333333,0.11111111,0.2962963,0.14814815,0.11111111
2013,38,9,4,8,5,4,30,0.3,0.13333333,0.26666667,0.16666667,0.13333333
2015,38,8,4,9,4,5,30,0.26666667,0.13333333,0.3,0.13333333,0.16666667
2018,38,16,5,15,5,6,47,0.34042553,0.10638298,0.31914894,0.10638298,0.12765957
2004,39,0,0,0,0,0,0,0.285952424,0.130480233,0.273614296,0.159079109,0.150873933
2006,39,6,4,7,5,3,25,0.24,0.16,0.28,0.2,0.12
2010,39,7,4,9,4,4,28,0.25,0.14285714,0.32142857,0.14285714,0.14285714
2008,39,8,6,6,6,5,31,0.25806452,0.19354839,0.19354839,0.19354839,0.16129032
2011,39,8,4,8,5,7,32,0.25,0.125,0.25,0.15625,0.21875
2009,39,11,4,12,4,4,35,0.31428571,0.11428571,0.34285714,0.11428571,0.11428571
2015,39,11,3,8,8,6,36,0.30555556,0.08333333,0.22222222,0.22222222,0.16666667
2014,39,11,3,14,6,4,38,0.28947368,0.07894737,0.36842105,0.15789474,0.10526316
2017,39,12,3,15,4,4,38,0.31578947,0.07894737,0.39473684,0.10526316,0.10526316
2013,39,13,8,11,6,5,43,0.30232558,0.18604651,0.25581395,0.13953488,0.11627907
2007,39,12,7,13,10,10,52,0.23076923,0.13461538,0.25,0.19230769,0.19230769
2016,39,16,7,13,8,9,53,0.30188679,0.13207547,0.24528302,0.1509434,0.16981132
2018,39,18,5,16,7,7,53,0.33962264,0.09433962,0.30188679,0.13207547,0.13207547
2005,39,14,11,13,11,11,60,0.23333333,0.18333333,0.21666667,0.18333333,0.18333333
2012,39,18,10,15,10,9,62,0.29032258,0.16129032,0.24193548,0.16129032,0.14516129
2004,40,1,1,1,1,1,5,0.296823291,0.099374916,0.346253905,0.118898801,0.138649085
2006,40,21,8,24,8,8,69,0.30434783,0.11594203,0.34782609,0.11594203,0.11594203
2005,40,23,10,29,9,10,81,0.28395062,0.12345679,0.35802469,0.11111111,0.12345679
2007,40,25,11,32,10,13,91,0.27472527,0.12087912,0.35164835,0.10989011,0.14285714
2008,40,32,7,42,10,10,101,0.31683168,0.06930693,0.41584158,0.0990099,0.0990099
2009,40,39,9,42,13,16,119,0.32773109,0.07563025,0.35294118,0.1092437,0.13445378
2012,40,32,15,38,20,21,126,0.25396825,0.11904762,0.3015873,0.15873016,0.16666667
2011,40,42,14,51,17,21,145,0.28965517,0.09655172,0.35172414,0.11724138,0.14482759
2010,40,53,16,56,23,22,170,0.31176471,0.09411765,0.32941176,0.13529412,0.12941176
2015,40,47,15,57,21,30,170,0.27647059,0.08823529,0.33529412,0.12352941,0.17647059
2013,40,59,17,62,25,23,186,0.3172043,0.09139785,0.33333333,0.1344086,0.12365591
2017,40,74,19,83,21,28,225,0.32888889,0.08444444,0.36888889,0.09333333,0.12444444
2014,40,73,25,81,29,33,241,0.30290456,0.10373444,0.33609959,0.12033195,0.13692946
2016,40,70,25,80,30,40,245,0.28571429,0.10204082,0.32653061,0.12244898,0.16326531
2018,40,74,28,89,30,42,263,0.28136882,0.10646388,0.33840304,0.11406844,0.15969582
2004,42,3,1,4,0,1,9,0.334779121,0.10048848,0.378136501,0.074934424,0.111661471
2006,42,76,23,96,14,20,229,0.33187773,0.10043668,0.41921397,0.06113537,0.08733624
2005,42,74,23,95,20,23,235,0.31489362,0.09787234,0.40425532,0.08510638,0.09787234
2007,42,79,22,92,18,26,237,0.33333333,0.092827,0.38818565,0.07594937,0.10970464
2009,42,84,25,93,19,28,249,0.3373494,0.10040161,0.37349398,0.07630522,0.1124498
2012,42,93,26,107,20,28,274,0.33941606,0.09489051,0.39051095,0.0729927,0.10218978
2015,42,97,21,110,17,30,275,0.35272727,0.07636364,0.4,0.06181818,0.10909091
2016,42,94,35,101,26,34,290,0.32413793,0.12068966,0.34827586,0.08965517,0.11724138
2010,42,110,32,115,22,34,313,0.3514377,0.10223642,0.36741214,0.07028754,0.1086262
2013,42,118,29,130,18,29,324,0.36419753,0.08950617,0.40123457,0.05555556,0.08950617
2014,42,105,35,119,22,43,324,0.32407407,0.10802469,0.36728395,0.06790123,0.13271605
2011,42,110,40,125,31,44,350,0.31428571,0.11428571,0.35714286,0.08857143,0.12571429
2008,42,117,38,130,35,42,362,0.32320442,0.10497238,0.35911602,0.09668508,0.1160221
2017,42,123,37,130,29,50,369,0.33333333,0.100271,0.35230352,0.07859079,0.13550136
2018,42,135,41,144,27,47,394,0.34263959,0.10406091,0.36548223,0.06852792,0.11928934
2004,43,24,12,28,9,12,85,0.28235294,0.14117647,0.32941176,0.10588235,0.14117647
2005,43,660,223,759,181,201,2024,0.32608696,0.11017787,0.375,0.08942688,0.0993083
2006,43,697,225,804,193,238,2157,0.32313398,0.10431154,0.37273992,0.08947612,0.11033843
2007,43,739,299,832,267,293,2430,0.30411523,0.12304527,0.34238683,0.10987654,0.12057613
2009,43,788,263,923,210,273,2457,0.32071632,0.10704111,0.37566138,0.08547009,0.11111111
2011,43,821,302,923,234,295,2575,0.31883495,0.11728155,0.3584466,0.09087379,0.11456311
2012,43,869,266,983,222,285,2625,0.33104762,0.10133333,0.37447619,0.08457143,0.10857143
2010,43,880,281,986,236,287,2670,0.32958801,0.10524345,0.36928839,0.08838951,0.10749064
2008,43,881,303,1014,267,305,2770,0.31805054,0.10938628,0.36606498,0.09638989,0.1101083
2013,43,915,296,1021,242,330,2804,0.32631954,0.10556348,0.36412268,0.08630528,0.11768902
2015,43,1061,363,1154,273,383,3234,0.32807669,0.1122449,0.35683364,0.08441558,0.11842919
2014,43,1026,374,1139,293,410,3242,0.31647131,0.11536089,0.35132634,0.09037631,0.12646514
2016,43,1061,378,1154,298,387,3278,0.32367297,0.11531422,0.35204393,0.09090909,0.11805979
2017,43,1170,392,1281,308,396,3547,0.32985622,0.11051593,0.36115027,0.08683394,0.11164364
2018,43,1504,505,1657,367,492,4525,0.33237569,0.11160221,0.36618785,0.08110497,0.10872928
2004,46,0,0,1,0,0,1,0.362754036,0.063965504,0.406862811,0.080406065,0.086011582
2005,46,26,2,32,2,3,65,0.4,0.03076923,0.49230769,0.03076923,0.04615385
2008,46,28,4,33,7,9,81,0.34567901,0.04938272,0.40740741,0.08641975,0.11111111
2006,46,30,6,36,6,6,84,0.35714286,0.07142857,0.42857143,0.07142857,0.07142857
2011,46,29,8,32,11,8,88,0.32954545,0.09090909,0.36363636,0.125,0.09090909
2007,46,37,5,40,9,8,99,0.37373737,0.05050505,0.4040404,0.09090909,0.08080808
2012,46,44,6,44,6,10,110,0.4,0.05454545,0.4,0.05454545,0.09090909
2009,46,42,7,46,9,8,112,0.375,0.0625,0.41071429,0.08035714,0.07142857
2010,46,42,4,52,9,7,114,0.36842105,0.03508772,0.45614035,0.07894737,0.06140351
2013,46,47,12,47,12,13,131,0.35877863,0.09160305,0.35877863,0.09160305,0.09923664
2014,46,42,13,50,16,14,135,0.31111111,0.0962963,0.37037037,0.11851852,0.1037037
2016,46,59,8,67,9,18,161,0.36645963,0.04968944,0.41614907,0.05590062,0.11180124
2015,46,71,13,74,15,16,189,0.37566138,0.06878307,0.39153439,0.07936508,0.08465608
2017,46,89,21,99,24,24,257,0.3463035,0.08171206,0.38521401,0.09338521,0.09338521
2018,46,119,20,132,22,28,321,0.37071651,0.0623053,0.41121495,0.06853583,0.08722741
2005,47,0,0,0,0,0,0,#DIV/0!,#DIV/0!,#DIV/0!,#DIV/0!,#DIV/0!
2006,47,0,0,0,0,0,0,#DIV/0!,#DIV/0!,#DIV/0!,#DIV/0!,#DIV/0!
2007,47,0,0,0,0,0,0,#DIV/0!,#DIV/0!,#DIV/0!,#DIV/0!,#DIV/0!
2008,47,0,0,0,0,0,0,#DIV/0!,#DIV/0!,#DIV/0!,#DIV/0!,#DIV/0!
2010,47,0,0,0,0,0,0,#DIV/0!,#DIV/0!,#DIV/0!,#DIV/0!,#DIV/0!
2011,47,0,0,0,0,0,0,#DIV/0!,#DIV/0!,#DIV/0!,#DIV/0!,#DIV/0!
2012,47,0,0,0,0,0,0,#DIV/0!,#DIV/0!,#DIV/0!,#DIV/0!,#DIV/0!
2013,47,0,0,0,0,0,0,#DIV/0!,#DIV/0!,#DIV/0!,#DIV/0!,#DIV/0!
2014,47,0,0,0,0,0,0,#DIV/0!,#DIV/0!,#DIV/0!,#DIV/0!,#DIV/0!
2016,47,0,0,0,0,0,0,#DIV/0!,#DIV/0!,#DIV/0!,#DIV/0!,#DIV/0!
2009,47,1,0,1,0,0,2,#DIV/0!,#DIV/0!,#DIV/0!,#DIV/0!,#DIV/0!
2015,47,1,0,1,0,0,2,#DIV/0!,#DIV/0!,#DIV/0!,#DIV/0!,#DIV/0!
2017,47,1,0,1,0,0,2,#DIV/0!,#DIV/0!,#DIV/0!,#DIV/0!,#DIV/0!
2018,47,1,0,3,0,0,4,#DIV/0!,#DIV/0!,#DIV/0!,#DIV/0!,#DIV/0!
2009,49,0,0,0,0,0,0,#DIV/0!,#DIV/0!,#DIV/0!,#DIV/0!,#DIV/0!
2012,49,0,0,0,0,0,0,#DIV/0!,#DIV/0!,#DIV/0!,#DIV/0!,#DIV/0!
2006,49,0,0,1,0,0,1,#DIV/0!,#DIV/0!,#DIV/0!,#DIV/0!,#DIV/0!
2008,49,1,0,1,0,0,2,#DIV/0!,#DIV/0!,#DIV/0!,#DIV/0!,#DIV/0!
2018,49,0,0,1,1,0,2,#DIV/0!,#DIV/0!,#DIV/0!,#DIV/0!,#DIV/0!
2007,49,1,0,2,0,0,3,#DIV/0!,#DIV/0!,#DIV/0!,#DIV/0!,#DIV/0!
2011,49,2,0,2,0,0,4,#DIV/0!,#DIV/0!,#DIV/0!,#DIV/0!,#DIV/0!
2015,49,2,0,2,0,0,4,#DIV/0!,#DIV/0!,#DIV/0!,#DIV/0!,#DIV/0!
2013,49,1,1,1,1,1,5,#DIV/0!,#DIV/0!,#DIV/0!,#DIV/0!,#DIV/0!
2010,49,2,1,3,1,1,8,#DIV/0!,#DIV/0!,#DIV/0!,#DIV/0!,#DIV/0!
2014,49,3,1,2,1,2,9,#DIV/0!,#DIV/0!,#DIV/0!,#DIV/0!,#DIV/0!
2017,49,3,1,3,1,1,9,#DIV/0!,#DIV/0!,#DIV/0!,#DIV/0!,#DIV/0!
2016,49,2,2,2,2,2,10,#DIV/0!,#DIV/0!,#DIV/0!,#DIV/0!,#DIV/0!
2005,49,4,1,4,1,1,11,#DIV/0!,#DIV/0!,#DIV/0!,#DIV/0!,#DIV/0!
2004,50,0,0,0,0,0,0,#DIV/0!,#DIV/0!,#DIV/0!,#DIV/0!,#DIV/0!
2006,50,0,0,0,1,0,1,#DIV/0!,#DIV/0!,#DIV/0!,#DIV/0!,#DIV/0!
2011,50,1,0,1,1,0,3,#DIV/0!,#DIV/0!,#DIV/0!,#DIV/0!,#DIV/0!
2008,50,2,0,3,0,0,5,#DIV/0!,#DIV/0!,#DIV/0!,#DIV/0!,#DIV/0!
2005,50,2,0,2,2,0,6,#DIV/0!,#DIV/0!,#DIV/0!,#DIV/0!,#DIV/0!
2014,50,1,1,2,1,1,6,#DIV/0!,#DIV/0!,#DIV/0!,#DIV/0!,#DIV/0!
2007,50,2,0,2,1,2,7,#DIV/0!,#DIV/0!,#DIV/0!,#DIV/0!,#DIV/0!
2009,50,2,1,3,2,1,9,#DIV/0!,#DIV/0!,#DIV/0!,#DIV/0!,#DIV/0!
2018,50,3,1,3,1,1,9,#DIV/0!,#DIV/0!,#DIV/0!,#DIV/0!,#DIV/0!
2016,50,2,2,2,3,2,11,#DIV/0!,#DIV/0!,#DIV/0!,#DIV/0!,#DIV/0!
2015,50,3,1,4,3,1,12,#DIV/0!,#DIV/0!,#DIV/0!,#DIV/0!,#DIV/0!
2012,50,5,1,5,1,1,13,#DIV/0!,#DIV/0!,#DIV/0!,#DIV/0!,#DIV/0!
2017,50,5,2,5,2,2,16,#DIV/0!,#DIV/0!,#DIV/0!,#DIV/0!,#DIV/0!
2010,50,5,3,6,3,3,20,0.25,0.15,0.3,0.15,0.15
2013,50,4,4,5,4,4,21,0.19047619,0.19047619,0.23809524,0.19047619,0.19047619
2004,51,0,0,0,0,0,0,#DIV/0!,#DIV/0!,#DIV/0!,#DIV/0!,#DIV/0!
2018,51,2,0,2,0,0,4,#DIV/0!,#DIV/0!,#DIV/0!,#DIV/0!,#DIV/0!
2011,51,2,0,2,1,0,5,#DIV/0!,#DIV/0!,#DIV/0!,#DIV/0!,#DIV/0!
2008,51,2,0,4,0,0,6,#DIV/0!,#DIV/0!,#DIV/0!,#DIV/0!,#DIV/0!
2006,51,4,0,4,0,0,8,#DIV/0!,#DIV/0!,#DIV/0!,#DIV/0!,#DIV/0!
2009,51,2,1,2,2,1,8,#DIV/0!,#DIV/0!,#DIV/0!,#DIV/0!,#DIV/0!
2012,51,4,0,4,0,0,8,#DIV/0!,#DIV/0!,#DIV/0!,#DIV/0!,#DIV/0!
2014,51,2,1,3,1,1,8,#DIV/0!,#DIV/0!,#DIV/0!,#DIV/0!,#DIV/0!
2005,51,4,2,4,0,0,10,#DIV/0!,#DIV/0!,#DIV/0!,#DIV/0!,#DIV/0!
2007,51,4,0,4,2,2,12,#DIV/0!,#DIV/0!,#DIV/0!,#DIV/0!,#DIV/0!
2015,51,6,1,7,1,1,16,#DIV/0!,#DIV/0!,#DIV/0!,#DIV/0!,#DIV/0!
2017,51,6,2,6,2,2,18,#DIV/0!,#DIV/0!,#DIV/0!,#DIV/0!,#DIV/0!
2016,51,4,3,5,4,5,21,0.19047619,0.14285714,0.23809524,0.19047619,0.23809524
2010,51,6,3,8,3,3,23,0.26086957,0.13043478,0.34782609,0.13043478,0.13043478
2013,51,7,4,7,3,3,24,0.29166667,0.16666667,0.29166667,0.125,0.125
2004,52,0,0,0,0,0,0,#DIV/0!,#DIV/0!,#DIV/0!,#DIV/0!,#DIV/0!
2011,52,2,0,2,1,0,5,#DIV/0!,#DIV/0!,#DIV/0!,#DIV/0!,#DIV/0!
2008,52,4,0,6,0,0,10,#DIV/0!,#DIV/0!,#DIV/0!,#DIV/0!,#DIV/0!
2005,52,6,2,6,0,0,14,#DIV/0!,#DIV/0!,#DIV/0!,#DIV/0!,#DIV/0!
2006,52,6,0,6,2,0,14,#DIV/0!,#DIV/0!,#DIV/0!,#DIV/0!,#DIV/0!
2012,52,7,0,7,0,0,14,#DIV/0!,#DIV/0!,#DIV/0!,#DIV/0!,#DIV/0!
2007,52,5,0,5,3,2,15,#DIV/0!,#DIV/0!,#DIV/0!,#DIV/0!,#DIV/0!
2014,52,5,2,6,2,2,17,#DIV/0!,#DIV/0!,#DIV/0!,#DIV/0!,#DIV/0!
2015,52,7,1,7,1,1,17,#DIV/0!,#DIV/0!,#DIV/0!,#DIV/0!,#DIV/0!
2018,52,7,0,8,1,1,17,#DIV/0!,#DIV/0!,#DIV/0!,#DIV/0!,#DIV/0!
2016,52,5,2,5,3,3,18,#DIV/0!,#DIV/0!,#DIV/0!,#DIV/0!,#DIV/0!
2009,52,7,2,6,3,1,19,#DIV/0!,#DIV/0!,#DIV/0!,#DIV/0!,#DIV/0!
2010,52,7,3,9,3,3,25,0.28,0.12,0.36,0.12,0.12
2013,52,8,4,8,4,4,28,0.28571429,0.14285714,0.28571429,0.14285714,0.14285714
2017,52,11,2,11,2,2,28,0.39285714,0.07142857,0.39285714,0.07142857,0.07142857
2005,53,0,0,0,0,0,0,#DIV/0!,#DIV/0!,#DIV/0!,#DIV/0!,#DIV/0!
2006,53,0,0,0,0,0,0,#DIV/0!,#DIV/0!,#DIV/0!,#DIV/0!,#DIV/0!
2007,53,0,0,0,0,0,0,#DIV/0!,#DIV/0!,#DIV/0!,#DIV/0!,#DIV/0!
2008,53,0,0,0,0,0,0,#DIV/0!,#DIV/0!,#DIV/0!,#DIV/0!,#DIV/0!
2010,53,0,0,0,0,0,0,#DIV/0!,#DIV/0!,#DIV/0!,#DIV/0!,#DIV/0!
2012,53,0,0,0,0,0,0,#DIV/0!,#DIV/0!,#DIV/0!,#DIV/0!,#DIV/0!
2014,53,0,0,0,0,0,0,#DIV/0!,#DIV/0!,#DIV/0!,#DIV/0!,#DIV/0!
2015,53,0,0,0,0,0,0,#DIV/0!,#DIV/0!,#DIV/0!,#DIV/0!,#DIV/0!
2016,53,0,0,0,0,0,0,#DIV/0!,#DIV/0!,#DIV/0!,#DIV/0!,#DIV/0!
2018,53,0,0,0,0,0,0,#DIV/0!,#DIV/0!,#DIV/0!,#DIV/0!,#DIV/0!
2009,53,0,0,1,0,0,1,#DIV/0!,#DIV/0!,#DIV/0!,#DIV/0!,#DIV/0!
2013,53,0,1,0,0,1,2,#DIV/0!,#DIV/0!,#DIV/0!,#DIV/0!,#DIV/0!
2017,53,0,0,0,0,2,2,#DIV/0!,#DIV/0!,#DIV/0!,#DIV/0!,#DIV/0!
2011,53,1,0,2,0,1,4,#DIV/0!,#DIV/0!,#DIV/0!,#DIV/0!,#DIV/0!
2004,54,0,0,1,0,0,1,0.342046153,0.083926579,0.378144843,0.088198322,0.107684106
2005,54,9,2,11,1,2,25,0.36,0.08,0.44,0.04,0.08
2006,54,10,2,13,1,1,27,0.37037037,0.07407407,0.48148148,0.03703704,0.03703704
2007,54,12,0,13,2,3,30,0.4,0,0.43333333,0.06666667,0.1
2013,54,8,4,9,4,6,31,0.25806452,0.12903226,0.29032258,0.12903226,0.19354839
2008,54,9,3,11,4,7,34,0.26470588,0.08823529,0.32352941,0.11764706,0.20588235
2011,54,13,3,15,5,3,39,0.33333333,0.07692308,0.38461538,0.12820513,0.07692308
2009,54,12,5,13,5,5,40,0.3,0.125,0.325,0.125,0.125
2012,54,18,4,17,3,5,47,0.38297872,0.08510638,0.36170213,0.06382979,0.10638298
2014,54,19,2,22,2,2,47,0.40425532,0.04255319,0.46808511,0.04255319,0.04255319
2010,54,16,3,23,3,4,49,0.32653061,0.06122449,0.46938776,0.06122449,0.08163265
2015,54,20,6,21,6,7,60,0.33333333,0.1,0.35,0.1,0.11666667
2016,54,24,5,26,5,6,66,0.36363636,0.07575758,0.39393939,0.07575758,0.09090909
2017,54,45,16,48,15,14,138,0.32608696,0.11594203,0.34782609,0.10869565,0.10144928
2018,54,70,14,75,10,16,185,0.37837838,0.07567568,0.40540541,0.05405405,0.08648649
2019,55,1,0,2,0,1,4,0.313984241,0.090196012,0.375110358,0.088399131,0.132310257
2004,55,7,2,7,3,5,24,0.29166667,0.08333333,0.29166667,0.125,0.20833333
2005,55,188,64,242,55,98,647,0.29057187,0.09891808,0.374034,0.08500773,0.15146832
2007,55,222,71,245,65,109,712,0.31179775,0.0997191,0.34410112,0.09129213,0.15308989
2006,55,210,70,280,71,105,736,0.28532609,0.0951087,0.38043478,0.09646739,0.14266304
2008,55,233,78,293,74,95,773,0.30142303,0.10090556,0.37904269,0.09573092,0.1228978
2011,55,263,66,325,71,110,835,0.31497006,0.07904192,0.38922156,0.08502994,0.13173653
2012,55,286,75,340,75,106,882,0.32426304,0.08503401,0.38548753,0.08503401,0.12018141
2009,55,267,89,335,83,125,899,0.29699666,0.09899889,0.37263626,0.09232481,0.13904338
2013,55,298,79,340,86,118,921,0.32356135,0.08577633,0.36916395,0.09337676,0.12812161
2010,55,321,86,371,89,127,994,0.32293763,0.08651911,0.37323944,0.08953722,0.1277666
2014,55,325,98,377,100,135,1035,0.31400966,0.09468599,0.36425121,0.09661836,0.13043478
2015,55,346,97,400,84,143,1070,0.32336449,0.09065421,0.37383178,0.07850467,0.13364486
2016,55,372,91,429,94,135,1121,0.33184657,0.08117752,0.38269402,0.0838537,0.12042819
2017,55,419,106,486,110,161,1282,0.32683307,0.08268331,0.37909516,0.08580343,0.12558502
2018,55,581,148,681,140,222,1772,0.3278781,0.08352144,0.38431151,0.07900677,0.12528217
2004,56,2,1,2,2,2,9,0.294479285,0.104854561,0.34905848,0.102817386,0.148790287
2007,56,72,28,81,23,29,233,0.30901288,0.12017167,0.34763948,0.09871245,0.12446352
2005,56,65,20,86,24,45,240,0.27083333,0.08333333,0.35833333,0.1,0.1875
2010,56,82,28,92,28,36,266,0.30827068,0.10526316,0.34586466,0.10526316,0.13533835
2011,56,80,35,91,28,41,275,0.29090909,0.12727273,0.33090909,0.10181818,0.14909091
2012,56,91,30,112,26,38,297,0.30639731,0.1010101,0.37710438,0.08754209,0.12794613
2006,56,93,26,112,33,37,301,0.3089701,0.08637874,0.37209302,0.10963455,0.12292359
2009,56,96,32,113,31,47,319,0.30094044,0.10031348,0.35423197,0.09717868,0.14733542
2008,56,97,36,112,35,44,324,0.29938272,0.11111111,0.34567901,0.10802469,0.13580247
2013,56,97,34,118,38,60,347,0.2795389,0.09798271,0.34005764,0.10951009,0.17291066
2016,56,105,34,131,37,55,362,0.29005525,0.09392265,0.36187845,0.10220994,0.1519337
2014,56,111,43,125,40,52,371,0.29919137,0.11590296,0.33692722,0.10781671,0.14016173
2017,56,116,43,140,29,64,392,0.29591837,0.10969388,0.35714286,0.07397959,0.16326531
2015,56,114,44,134,54,71,417,0.27338129,0.10551559,0.32134293,0.1294964,0.17026379
2018,56,158,60,184,59,84,545,0.28990826,0.11009174,0.33761468,0.10825688,0.15412844
