year,sic,desktop_cpu,server_cpu,mobile_cpu,server_gpu,mobile_gpu,desktop_gpu,desktop_cpu_fraction,server_cpu_fraction,mobile_cpu_fraction,server_gpu_fraction,mobile_gpu_fraction,desktop_gpu_fraction
2004,1.0,0.0,0.0,0.0,0.0,0.0,0.0,0.3765874294510349,0.24751143811509552,0.0,0.34224777677545226,0.0,0.033653355658417386
2004,2.0,0.0,0.0,0.0,0.0,0.0,0.0,0.3765874294510349,0.24751143811509552,0.0,0.34224777677545226,0.0,0.033653355658417386
2004,6.0,0.0,0.0,0.0,0.0,0.0,0.0,0.3765874294510349,0.24751143811509552,0.0,0.34224777677545226,0.0,0.033653355658417386
2004,7.0,0.9583333333333334,0.4583333333333333,0.0,0.16666666666666666,0.0,0.16666666666666666,0.5476190476190477,0.2619047619047619,0.0,0.09523809523809523,0.0,0.09523809523809523
2004,8.0,0.16666666666666666,0.16666666666666666,0.0,0.041666666666666664,0.0,0.041666666666666664,0.4,0.4,0.0,0.1,0.0,0.1
2004,9.0,0.0,0.0,0.0,0.0,0.0,0.0,0.3765874294510349,0.24751143811509552,0.0,0.34224777677545226,0.0,0.033653355658417386
2004,11.0,0.0,0.75,0.0,0.0,0.0,0.0,0.0,1.0,0.0,0.0,0.0,0.0
2004,12.0,0.0,0.0,0.0,0.0,0.0,0.0,0.3765874294510349,0.24751143811509552,0.0,0.34224777677545226,0.0,0.033653355658417386
2004,13.0,0.125,0.0,0.0,0.25,0.0,0.0,0.3333333333333333,0.0,0.0,0.6666666666666666,0.0,0.0
2004,14.0,1.125,1.875,0.0,0.875,0.0,0.375,0.26470588235294124,0.44117647058823534,0.0,0.2058823529411765,0.0,0.08823529411764708
2004,15.0,0.125,0.0,0.0,0.25,0.0,0.0,0.3333333333333333,0.0,0.0,0.6666666666666666,0.0,0.0
2004,16.0,0.4583333333333333,0.08333333333333333,0.0,0.5833333333333334,0.0,0.08333333333333333,0.3793103448275862,0.06896551724137931,0.0,0.48275862068965525,0.0,0.06896551724137931
2004,17.0,0.0,0.0,0.0,0.5,0.0,0.0,0.0,0.0,0.0,1.0,0.0,0.0
2004,19.0,0.0,0.0,0.0,0.0,0.0,0.0,0.3765874294510349,0.24751143811509552,0.0,0.34224777677545226,0.0,0.033653355658417386
2004,20.0,0.041666666666666664,0.041666666666666664,0.0,0.041666666666666664,0.0,0.041666666666666664,0.25,0.25,0.0,0.25,0.0,0.25
2004,21.0,0.75,0.125,0.0,0.625,0.0,0.125,0.46153846153846156,0.07692307692307693,0.0,0.38461538461538464,0.0,0.07692307692307693
2004,23.0,0.0,0.0,0.0,0.0,0.0,0.0,0.3765874294510349,0.24751143811509552,0.0,0.34224777677545226,0.0,0.033653355658417386
2004,24.0,0.25,0.125,0.0,1.25,0.0,0.0,0.15384615384615385,0.07692307692307693,0.0,0.7692307692307693,0.0,0.0
2004,25.0,0.25,0.0,0.0,1.25,0.0,0.0,0.16666666666666666,0.0,0.0,0.8333333333333334,0.0,0.0
2004,26.0,0.625,0.375,0.0,0.0,0.0,0.0,0.625,0.375,0.0,0.0,0.0,0.0
2004,27.0,84.9375,53.85,0.0,5.0,0.0,4.333333333333333,0.5734338518664379,0.3635545303665364,0.0,0.03375622380376383,0.0,0.029255393963261978
2004,29.0,0.375,0.0,0.0,0.75,0.0,0.0,0.3333333333333333,0.0,0.0,0.6666666666666666,0.0,0.0
2004,30.0,1.75,0.875,0.0,0.875,0.0,0.125,0.4827586206896552,0.2413793103448276,0.0,0.2413793103448276,0.0,0.034482758620689655
2004,31.0,0.5625,0.3125,0.0,1.5625,0.0,0.0625,0.225,0.125,0.0,0.625,0.0,0.025
2004,32.0,0.125,0.0,0.0,0.25,0.0,0.0,0.3333333333333333,0.0,0.0,0.6666666666666666,0.0,0.0
2004,35.0,4.833333333333333,1.7083333333333333,0.0,0.7083333333333334,0.0,0.20833333333333331,0.6480446927374302,0.22905027932960892,0.0,0.09497206703910614,0.0,0.027932960893854743
2004,36.0,5.354166666666667,0.7291666666666666,0.0,1.8541666666666665,0.0,0.35416666666666663,0.6457286432160805,0.08793969849246232,0.0,0.2236180904522613,0.0,0.04271356783919598
2004,38.0,0.75,0.125,0.0,0.625,0.0,0.125,0.46153846153846156,0.07692307692307693,0.0,0.38461538461538464,0.0,0.07692307692307693
2004,39.0,0.5,0.25,0.0,0.5,0.0,0.0,0.4,0.2,0.0,0.4,0.0,0.0
2004,40.0,1.125,1.125,0.0,0.125,0.0,0.125,0.45,0.45,0.0,0.05,0.0,0.05
2004,42.0,1.7083333333333333,2.333333333333333,0.0,0.20833333333333331,0.0,0.20833333333333331,0.38317757009345793,0.5233644859813084,0.0,0.04672897196261682,0.0,0.04672897196261682
2004,43.0,29.291666666666668,23.604166666666668,0.0,2.4583333333333335,0.0,1.4583333333333333,0.5155848918225157,0.4154748808214155,0.0,0.04327099376604328,0.0,0.025669233590025667
2004,46.0,0.5,0.25,0.0,0.75,0.0,0.0,0.3333333333333333,0.16666666666666666,0.0,0.5,0.0,0.0
2004,47.0,0.0,0.0,0.0,0.0,0.0,0.0,0.3765874294510349,0.24751143811509552,0.0,0.34224777677545226,0.0,0.033653355658417386
2004,49.0,0.0,0.25,0.0,0.0,0.0,0.0,0.0,1.0,0.0,0.0,0.0,0.0
2004,50.0,0.0,0.0,0.0,0.5,0.0,0.0,0.0,0.0,0.0,1.0,0.0,0.0
2004,51.0,0.0,0.0,0.0,0.25,0.0,0.0,0.0,0.0,0.0,1.0,0.0,0.0
2004,52.0,0.125,0.0,0.0,0.0,0.0,0.0,1.0,0.0,0.0,0.0,0.0,0.0
2004,53.0,0.0,0.25,0.0,0.0,0.0,0.0,0.3765874294510349,0.2475114381150955,0.0,0.34224777677545226,0.0,0.0
2004,54.0,3.0,0.25,0.0,0.0,0.0,0.0,0.9230769230769231,0.07692307692307693,0.0,0.0,0.0,0.0
2004,55.0,15.479166666666666,5.604166666666667,0.0,1.8541666666666665,0.0,0.9791666666666666,0.6472125435540069,0.2343205574912892,0.0,0.07752613240418117,0.0,0.040940766550522645
2004,56.0,12.058333333333334,6.195833333333334,0.0,2.8916666666666666,0.0,1.475,0.533063179222693,0.27389942899244796,0.0,0.12783201326211088,0.0,0.06520537852274821
2005,1.0,0.11875,0.11875,0.05,0.2375,0.0,0.0,0.22619047619047622,0.22619047619047622,0.09523809523809526,0.45238095238095244,0.0,0.0
2005,2.0,0.0,0.2375,0.05,0.0,0.0,0.0,0.0,0.8260869565217391,0.1739130434782609,0.0,0.0,0.0
2005,6.0,0.0,0.0,0.0,0.0,0.0,0.0,0.23343180635572816,0.1968575955802843,0.35580903122423874,0.1891259408209782,0.0,0.0247756260187706
2005,7.0,0.819375,5.403124999999999,0.185,0.14645833333333333,0.0,0.14645833333333333,0.12228717119582116,0.8063864187550526,0.02761022324482309,0.02185809340215161,0.0,0.02185809340215161
2005,8.0,0.0,0.475,0.05,0.2375,0.0,0.0,0.0,0.6229508196721312,0.06557377049180328,0.3114754098360656,0.0,0.0
2005,9.0,0.0,0.0,0.0,0.0,0.0,0.0,0.23343180635572816,0.1968575955802843,0.35580903122423874,0.1891259408209782,0.0,0.0247756260187706
2005,11.0,0.0,1.1875,0.025,0.0,0.0,0.0,0.0,0.9793814432989691,0.02061855670103093,0.0,0.0,0.0
2005,12.0,0.0,0.0,0.05,0.0,0.0,0.0,0.0,0.0,1.0,0.0,0.0,0.0
2005,13.0,0.0,0.0,0.05,0.0,0.0,0.0,0.0,0.0,1.0,0.0,0.0,0.0
2005,14.0,0.890625,2.790625,0.4,0.890625,0.0,0.41562499999999997,0.16531322505800466,0.5179814385150813,0.07424593967517402,0.16531322505800466,0.0,0.0771461716937355
2005,15.0,0.11875,0.0,0.1,0.2375,0.0,0.0,0.2602739726027397,0.0,0.21917808219178084,0.5205479452054794,0.0,0.0
2005,16.0,0.27708333333333335,0.15833333333333333,0.35833333333333334,0.5145833333333333,0.0,0.03958333333333333,0.20556414219474503,0.11746522411128286,0.26584234930448225,0.38176197836166925,0.0,0.029366306027820716
2005,17.0,0.3958333333333333,0.27708333333333335,0.23333333333333334,0.27708333333333335,0.0,0.03958333333333333,0.32367972742759793,0.22657580919931858,0.19080068143100512,0.22657580919931858,0.0,0.03236797274275979
2005,19.0,0.0,0.0,0.05,0.0,0.0,0.0,0.0,0.0,1.0,0.0,0.0,0.0
2005,20.0,0.31666666666666665,0.07916666666666666,0.041666666666666664,0.31666666666666665,0.0,0.07916666666666666,0.38,0.095,0.05,0.38,0.0,0.095
2005,21.0,0.7916666666666666,0.19791666666666666,0.9666666666666667,0.5541666666666667,0.0,0.19791666666666666,0.2923076923076923,0.07307692307692308,0.35692307692307695,0.20461538461538464,0.0,0.07307692307692308
2005,23.0,0.0,0.0,0.0,0.0,0.0,0.0,0.23343180635572816,0.1968575955802843,0.35580903122423874,0.1891259408209782,0.0,0.0247756260187706
2005,24.0,0.11875,0.0,0.17500000000000002,0.95,0.0,0.0,0.09547738693467336,0.0,0.14070351758793972,0.7638190954773869,0.0,0.0
2005,25.0,0.59375,0.59375,0.35000000000000003,1.1875,0.0,0.0,0.21788990825688073,0.21788990825688073,0.12844036697247707,0.43577981651376146,0.0,0.0
2005,26.0,0.2375,0.0,0.4,0.2375,0.0,0.0,0.2714285714285714,0.0,0.4571428571428572,0.2714285714285714,0.0,0.0
2005,27.0,78.56104166666667,49.02395833333333,59.130833333333335,4.876666666666667,0.0,5.430833333333333,0.39873978547380173,0.24882310893802764,0.3001209670597391,0.024751721454311672,0.0,0.027564417074119815
2005,29.0,1.0687499999999999,0.35624999999999996,1.8250000000000002,1.0687499999999999,0.0,0.11875,0.24084507042253517,0.08028169014084506,0.4112676056338029,0.24084507042253517,0.0,0.02676056338028169
2005,30.0,2.652083333333333,0.7520833333333333,4.933333333333334,1.4645833333333333,0.0,0.03958333333333333,0.26947502116850125,0.07641828958509737,0.5012701100762066,0.14881456392887382,0.0,0.004022015241320914
2005,31.0,0.9302083333333333,0.6927083333333333,0.45833333333333337,0.9302083333333333,0.0,0.4552083333333333,0.268329326923077,0.19981971153846156,0.13221153846153852,0.268329326923077,0.0,0.1313100961538462
2005,32.0,0.09895833333333333,0.09895833333333333,0.008333333333333333,0.3364583333333333,0.0,0.09895833333333333,0.15422077922077923,0.15422077922077923,0.01298701298701299,0.5243506493506493,0.0,0.15422077922077923
2005,35.0,5.589166666666666,2.9291666666666667,3.126666666666667,1.7891666666666666,0.0,0.8391666666666666,0.3915810368986455,0.20521952358710882,0.219056515646894,0.12535030359645025,0.0,0.058792620270901444
2005,36.0,6.610416666666667,0.95,6.641666666666667,1.7416666666666667,0.0,0.2375,0.40852323934595075,0.05870992661259172,0.4104544869318913,0.10763486545641816,0.0,0.01467748165314793
2005,38.0,0.6927083333333333,0.21770833333333334,0.8333333333333334,0.4552083333333333,0.0,0.21770833333333334,0.28663793103448276,0.09008620689655174,0.3448275862068966,0.18836206896551724,0.0,0.09008620689655174
2005,39.0,0.8708333333333333,0.03958333333333333,0.6583333333333333,0.27708333333333335,0.0,0.03958333333333333,0.46187845303867403,0.020994475138121544,0.349171270718232,0.14696132596685083,0.0,0.020994475138121544
2005,40.0,0.7124999999999999,0.19791666666666666,1.3166666666666667,0.2375,0.0,0.0,0.2890955198647506,0.08030431107354184,0.5342349957734573,0.09636517328825021,0.0,0.0
2005,42.0,3.9187499999999997,1.5833333333333333,3.5,0.27708333333333335,0.0,0.27708333333333335,0.4100719424460431,0.16568563331153258,0.36625245258338784,0.028994985829518205,0.0,0.028994985829518205
2005,43.0,25.824166666666667,14.309375,24.299166666666668,2.3314583333333334,0.0,1.5002083333333334,0.3782963905648688,0.2096170220557941,0.3559567734512572,0.03415336818557752,0.0,0.02197644574250234
2005,46.0,0.95,0.0,2.9000000000000004,0.7124999999999999,0.0,0.0,0.20821917808219176,0.0,0.6356164383561644,0.1561643835616438,0.0,0.0
2005,47.0,0.11875,0.0,0.07500000000000001,0.0,0.0,0.0,0.6129032258064515,0.0,0.38709677419354843,0.0,0.0,0.0
2005,49.0,0.35624999999999996,0.0,0.225,0.0,0.0,0.0,0.6129032258064516,0.0,0.38709677419354843,0.0,0.0,0.0
2005,50.0,0.0,0.0,0.0,0.475,0.0,0.0,0.0,0.0,0.0,1.0,0.0,0.0
2005,51.0,0.0,0.0,0.05,0.0,0.0,0.0,0.0,0.0,1.0,0.0,0.0,0.0
2005,52.0,0.475,0.11875,1.675,0.0,0.0,0.0,0.209366391184573,0.05234159779614325,0.7382920110192839,0.0,0.0,0.0
2005,53.0,0.0,0.2375,0.0,0.0,0.0,0.0,0.2334318063557282,0.19685759558028426,0.35580903122423874,0.1891259408209782,0.0,0.0
2005,54.0,2.7312499999999997,0.2375,7.925000000000001,0.2375,0.0,0.0,0.24536777091521614,0.02133632790567097,0.711959573273442,0.02133632790567097,0.0,0.0
2005,55.0,15.295,6.53125,17.5825,2.410625,0.0,1.341875,0.35436879145066463,0.15132207709461612,0.40736771988763065,0.05585160300037649,0.0,0.031089808566712035
2005,56.0,18.924791666666664,8.466875,22.375833333333336,3.982083333333333,0.0,1.4883333333333333,0.34260509462853866,0.15328012913834851,0.40508105090856983,0.07208967270368331,0.0,0.026944052620859766
2006,1.0,0.115625,0.4625,0.44999999999999996,0.34687500000000004,0.0,0.0,0.08409090909090909,0.33636363636363636,0.3272727272727272,0.2522727272727273,0.0,0.0
2006,2.0,0.0,0.0,0.075,0.0,0.0,0.0,0.0,0.0,1.0,0.0,0.0,0.0
2006,6.0,0.03854166666666667,0.03854166666666667,0.0875,0.03854166666666667,0.0,0.03854166666666667,0.15948275862068964,0.15948275862068964,0.3620689655172413,0.15948275862068964,0.0,0.15948275862068964
2006,7.0,2.0427083333333336,2.5052083333333335,0.475,1.3875000000000002,0.0,0.0,0.31865453363665913,0.39080272993175175,0.07409814754631135,0.2164445888852779,0.0,0.0
2006,8.0,0.0,0.0,0.0,0.0,0.0,0.0,0.210614569743595,0.14254784737212386,0.384657644568457,0.24277933423540707,0.0,0.019400604080417005
2006,9.0,0.0,0.0,0.0,0.0,0.0,0.0,0.210614569743595,0.14254784737212386,0.384657644568457,0.24277933423540707,0.0,0.019400604080417005
2006,11.0,0.0,0.0,0.0375,0.0,0.0,0.0,0.0,0.0,1.0,0.0,0.0,0.0
2006,12.0,0.0,0.0,0.0,0.0,0.0,0.0,0.210614569743595,0.14254784737212386,0.384657644568457,0.24277933423540707,0.0,0.019400604080417005
2006,13.0,0.115625,0.115625,0.375,0.925,0.0,0.0,0.07551020408163266,0.07551020408163266,0.24489795918367346,0.6040816326530613,0.0,0.0
2006,14.0,1.4260416666666667,3.738541666666667,0.425,1.7729166666666667,0.0,0.3854166666666667,0.1840548534552299,0.48252218338262975,0.05485345522990051,0.22882495294433988,0.0,0.049744554987899973
2006,15.0,0.23125,0.23125,0.075,0.0,0.0,0.0,0.4302325581395349,0.4302325581395349,0.13953488372093023,0.0,0.0,0.0
2006,16.0,0.5395833333333333,0.7708333333333334,0.3625,0.30833333333333335,0.0,0.07708333333333334,0.26214574898785425,0.3744939271255061,0.17611336032388664,0.14979757085020245,0.0,0.037449392712550614
2006,17.0,0.16187500000000002,0.4625,0.3525,1.086875,0.0,0.16187500000000002,0.07273237854535244,0.2078067958438641,0.15838247683235046,0.48834597023308063,0.0,0.07273237854535244
2006,19.0,0.0,0.0,0.075,0.0,0.0,0.0,0.0,0.0,1.0,0.0,0.0,0.0
2006,20.0,0.03854166666666667,0.03854166666666667,0.0875,0.5010416666666667,0.0,0.03854166666666667,0.05473372781065089,0.05473372781065089,0.12426035502958578,0.7115384615384616,0.0,0.05473372781065089
2006,21.0,1.3682291666666668,0.4432291666666667,1.4375,0.9057291666666667,0.0,0.21197916666666666,0.31333492366412213,0.10150286259541984,0.3291984732824427,0.20741889312977096,0.0,0.04854484732824427
2006,23.0,0.0,0.23125,0.075,0.0,0.0,0.0,0.0,0.7551020408163266,0.24489795918367346,0.0,0.0,0.0
2006,24.0,0.115625,0.0,0.0375,0.925,0.0,0.0,0.10724637681159421,0.0,0.034782608695652174,0.8579710144927537,0.0,0.0
2006,25.0,1.2140625,0.40468750000000003,0.9375,1.3296875000000001,0.0,0.17343750000000002,0.29907621247113164,0.09969207082371055,0.23094688221709006,0.3275596612779061,0.0,0.042725173210161664
2006,26.0,0.15416666666666667,0.03854166666666667,0.425,0.26979166666666665,0.0,0.03854166666666667,0.16647919010123738,0.041619797525309345,0.4589426321709787,0.2913385826771654,0.0,0.041619797525309345
2006,27.0,81.423125,43.845000000000006,84.01375,6.536666666666667,0.0,6.3825,0.36643898871611197,0.1973213071870913,0.3780979124572811,0.029417803884432738,0.0,0.02872398775508291
2006,29.0,1.4260416666666667,0.5010416666666667,2.375,0.7322916666666667,0.0,0.03854166666666667,0.2811088295687885,0.09876796714579057,0.4681724845995894,0.14435318275154005,0.0,0.0075975359342915815
2006,30.0,2.293229166666667,1.2526041666666667,6.95,2.408854166666667,0.0,0.09635416666666667,0.17638810992708917,0.09634644659883022,0.5345725502764201,0.18528162807467352,0.0,0.00741126512298694
2006,31.0,1.0791666666666666,0.26979166666666665,0.95,0.9635416666666667,0.0,0.03854166666666667,0.32691700852003786,0.08172925213000946,0.2877879457242032,0.29189018617860524,0.0,0.01167560744714421
2006,32.0,0.0,0.0,0.22499999999999998,0.4625,0.0,0.0,0.0,0.0,0.3272727272727272,0.6727272727272727,0.0,0.0
2006,35.0,5.010416666666667,2.7364583333333337,4.5125,1.2333333333333334,0.0,0.30833333333333335,0.363046267642841,0.19827911540493623,0.3269680730621179,0.08936523511208393,0.0,0.02234130877802098
2006,36.0,7.7353125,2.119791666666667,12.5025,2.917604166666667,0.0,0.6436458333333334,0.298443459354315,0.08178570136764986,0.48237086098038345,0.11256686533692897,0.0,0.02483311296072277
2006,38.0,1.0791666666666666,0.03854166666666667,1.0625,0.26979166666666665,0.0,0.03854166666666667,0.43365424863959817,0.015487651737128507,0.4269568857262453,0.10841356215989954,0.0,0.015487651737128507
2006,39.0,0.925,0.115625,1.2,0.23125,0.0,0.0,0.37420986093552466,0.04677623261694058,0.4854614412136536,0.09355246523388117,0.0,0.0
2006,40.0,1.3104166666666668,0.925,2.85,0.8479166666666667,0.0,0.15416666666666667,0.21526351813826147,0.15195071868583163,0.4681724845995893,0.13928815879534565,0.0,0.025325119780971937
2006,42.0,4.374479166666667,1.9463541666666668,6.51875,0.03854166666666667,0.0,0.03854166666666667,0.33866935483870975,0.15068548387096778,0.5046774193548388,0.0029838709677419356,0.0,0.0029838709677419356
2006,43.0,26.331666666666667,17.4478125,32.07125,2.5321875,0.0,1.2603125000000002,0.3306202792401007,0.21907464931497891,0.40268645979792694,0.03179413399601085,0.0,0.015824477650982573
2006,46.0,1.85,0.925,3.28125,0.7515625,0.0,0.0578125,0.269458352298589,0.1347291761492945,0.4779244424214838,0.10946745562130177,0.0,0.008420573509330906
2006,47.0,0.23125,0.0,0.075,0.23125,0.0,0.0,0.4302325581395349,0.0,0.13953488372093023,0.4302325581395349,0.0,0.0
2006,49.0,0.8093750000000001,0.23125,0.4875,0.23125,0.0,0.0,0.46003552397868563,0.13143872113676733,0.2770870337477797,0.13143872113676733,0.0,0.0
2006,50.0,0.0,0.0,0.075,1.6187500000000001,0.0,0.0,0.0,0.0,0.04428044280442804,0.955719557195572,0.0,0.0
2006,51.0,0.0,0.0,0.0,0.0,0.0,0.0,0.210614569743595,0.14254784737212386,0.384657644568457,0.24277933423540707,0.0,0.019400604080417005
2006,52.0,0.34687500000000004,0.0,3.4875,0.4625,0.0,0.0,0.08072727272727273,0.0,0.8116363636363636,0.10763636363636364,0.0,0.0
2006,53.0,0.0,0.0,0.0,0.23125,0.0,0.0,0.21061456974359505,0.14254784737212386,0.384657644568457,0.24277933423540707,0.0,0.0
2006,54.0,3.3145833333333337,0.5395833333333333,13.712499999999999,0.0,0.0,0.0,0.18868595825426948,0.030716318785578747,0.7805977229601517,0.0,0.0,0.0
2006,55.0,13.088750000000001,6.79875,25.9575,2.798125,0.0,1.6418750000000002,0.26029133936561605,0.13520433528885353,0.5162076165854629,0.05564532166650095,0.0,0.03265138709356668
2006,56.0,19.22072916666667,9.334791666666668,35.265,2.6478125,0.0,1.8384375000000002,0.2813883445546668,0.13665982965939502,0.5162738564533469,0.03876354375557572,0.0,0.02691442557701545
2007,1.0,0.1875,0.1125,0.08333333333333334,0.75,0.0,0.0,0.16544117647058823,0.09926470588235295,0.0735294117647059,0.6617647058823529,0.0,0.0
2007,2.0,0.0,0.0,0.2,0.225,0.0,0.0,0.0,0.0,0.47058823529411764,0.5294117647058824,0.0,0.0
2007,6.0,0.0,0.0,0.2,0.225,0.0,0.0,0.0,0.0,0.47058823529411764,0.5294117647058824,0.0,0.0
2007,7.0,0.7312500000000001,0.95625,0.5,0.39375,0.0,0.16875,0.26590909090909093,0.3477272727272727,0.18181818181818182,0.1431818181818182,0.0,0.06136363636363637
2007,8.0,0.1125,0.225,0.15000000000000002,0.0,0.0,0.0,0.23076923076923075,0.4615384615384615,0.3076923076923077,0.0,0.0,0.0
2007,9.0,0.0,0.0,0.0,0.0,0.0,0.0,0.20725456583677906,0.12787068068610047,0.4354782014837386,0.20487793041542987,0.0,0.02451862157795202
2007,11.0,0.0,0.45,0.05,0.225,0.0,0.0,0.0,0.6206896551724138,0.06896551724137931,0.3103448275862069,0.0,0.0
2007,12.0,0.0,0.0,0.0,0.0,0.0,0.0,0.20725456583677906,0.12787068068610047,0.4354782014837386,0.20487793041542987,0.0,0.02451862157795202
2007,13.0,0.1875,0.1875,0.03333333333333333,0.075,0.0,0.075,0.3358208955223881,0.3358208955223881,0.059701492537313446,0.13432835820895525,0.0,0.13432835820895525
2007,14.0,0.8625,2.8875,0.7333333333333334,0.8625,0.0,0.41250000000000003,0.14978292329956583,0.5014471780028943,0.12735166425470332,0.14978292329956583,0.0,0.07163531114327062
2007,15.0,0.0,0.225,0.2,0.45,0.0,0.0,0.0,0.2571428571428572,0.2285714285714286,0.5142857142857143,0.0,0.0
2007,16.0,0.1125,0.0,0.35000000000000003,0.225,0.0,0.0,0.16363636363636364,0.0,0.5090909090909091,0.32727272727272727,0.0,0.0
2007,17.0,0.45,0.675,0.25,0.0,0.0,0.0,0.32727272727272727,0.49090909090909096,0.18181818181818182,0.0,0.0,0.0
2007,19.0,0.0,0.0,0.0,0.0,0.0,0.0,0.20725456583677906,0.12787068068610047,0.4354782014837386,0.20487793041542987,0.0,0.02451862157795202
2007,20.0,0.0,0.0,0.1,0.0,0.0,0.0,0.0,0.0,1.0,0.0,0.0,0.0
2007,21.0,0.8250000000000001,0.2625,2.666666666666667,0.7125,0.0,0.0375,0.18316373728029603,0.058279370952821465,0.5920444033302499,0.15818686401480112,0.0,0.008325624421831638
2007,23.0,0.225,0.0,0.1,0.0,0.0,0.0,0.6923076923076923,0.0,0.3076923076923077,0.0,0.0,0.0
2007,24.0,0.45,0.225,0.2,0.9,0.0,0.0,0.2535211267605634,0.1267605633802817,0.11267605633802819,0.5070422535211268,0.0,0.0
2007,25.0,0.7125,0.0375,0.8166666666666667,1.3875,0.0,0.0375,0.2381615598885794,0.012534818941504178,0.27298050139275765,0.4637883008356546,0.0,0.012534818941504178
2007,26.0,0.3375,0.0,0.45,0.225,0.0,0.0,0.33333333333333337,0.0,0.4444444444444444,0.2222222222222222,0.0,0.0
2007,27.0,78.86625000000001,37.62375,110.01833333333335,6.885,0.0,6.8100000000000005,0.32833120550644596,0.15663292210765878,0.4580216760799878,0.02866321588654057,0.0,0.028350980419366924
2007,29.0,0.795,0.9450000000000001,4.953333333333334,1.92,0.0,0.045000000000000005,0.09181905678537054,0.1091434071222329,0.5720885466794995,0.22175168431183825,0.0,0.00519730510105871
2007,30.0,2.3625000000000003,0.5625,7.300000000000001,0.7875,0.0,0.11249999999999999,0.21235955056179778,0.05056179775280899,0.656179775280899,0.07078651685393259,0.0,0.010112359550561797
2007,31.0,0.75,0.4125,1.4833333333333334,1.5375,0.0,0.1875,0.17159199237368922,0.09437559580552907,0.3393708293612965,0.3517635843660629,0.0,0.042897998093422304
2007,32.0,0.1875,0.1875,0.23333333333333334,0.3,0.0,0.075,0.19067796610169493,0.19067796610169493,0.23728813559322035,0.3050847457627119,0.0,0.07627118644067797
2007,35.0,5.34375,1.3875,7.8500000000000005,1.63125,0.0,0.43125,0.321066466391288,0.08336462636124671,0.4716485167104769,0.09800976342470898,0.0,0.025910627112279386
2007,36.0,8.52,1.4325,14.936666666666667,1.995,0.0,0.42,0.3120402868915001,0.052464520067144825,0.5470471539752786,0.07306577140241112,0.0,0.015382267663665496
2007,38.0,0.3375,0.1125,2.0,0.5625,0.0,0.0,0.11203319502074689,0.03734439834024896,0.6639004149377593,0.18672199170124482,0.0,0.0
2007,39.0,0.8512500000000001,0.51375,1.8033333333333335,1.30125,0.0,0.40125,0.17476475620188195,0.10547476475620189,0.37023096663815225,0.2671514114627887,0.0,0.08237810094097518
2007,40.0,2.75625,0.76875,6.516666666666667,0.39375,0.0,0.39375,0.2545209696036938,0.07098884186225472,0.6017699115044248,0.036360138514813393,0.0,0.036360138514813393
2007,42.0,3.8625000000000003,1.7625,7.7666666666666675,0.0,0.0,0.0,0.28842563783447417,0.13161169881767268,0.5799626633478532,0.0,0.0,0.0
2007,43.0,25.91625,15.18375,48.36833333333334,3.8850000000000002,0.0,2.085,0.27154969177304716,0.15909487801896513,0.5068019489024327,0.04070691371391649,0.0,0.02184656759163858
2007,46.0,1.575,0.9,6.6000000000000005,0.45,0.0,0.0,0.1653543307086614,0.09448818897637795,0.6929133858267716,0.047244094488188976,0.0,0.0
2007,47.0,0.0,0.0,0.2,0.1125,0.0,0.1125,0.0,0.0,0.4705882352941177,0.2647058823529412,0.0,0.2647058823529412
2007,49.0,0.3375,0.0,0.75,0.0,0.0,0.0,0.31034482758620696,0.0,0.6896551724137931,0.0,0.0,0.0
2007,50.0,0.0,0.0,0.0,0.225,0.0,0.0,0.0,0.0,0.0,1.0,0.0,0.0
2007,51.0,0.1125,0.0,0.05,0.0,0.0,0.0,0.6923076923076923,0.0,0.3076923076923077,0.0,0.0,0.0
2007,52.0,0.1125,0.1125,5.25,0.225,0.0,0.0,0.01973684210526316,0.01973684210526316,0.9210526315789475,0.03947368421052632,0.0,0.0
2007,53.0,0.0,0.0,0.0,0.0,0.0,0.0,0.2072545658367791,0.12787068068610047,0.43547820148373856,0.20487793041542987,0.0,0.02451862157795202
2007,54.0,1.575,0.45,16.1,0.45,0.0,0.0,0.08479138627187079,0.02422611036339165,0.8667563930013458,0.02422611036339165,0.0,0.0
2007,55.0,15.3825,4.0575,38.91166666666667,1.86375,0.0,0.66375,0.2526726438984327,0.06664841557730478,0.639162274998289,0.030613921018410786,0.0,0.010902744507562795
2007,56.0,26.44875,9.38625,51.225,4.5,0.0,2.175,0.2821651464234277,0.10013602176348213,0.5464874379900784,0.048007681228996624,0.0,0.023203712594015036
2008,1.0,0.15,0.675,0.4166666666666667,0.15,0.0,0.0,0.10778443113772455,0.4850299401197605,0.29940119760479045,0.10778443113772455,0.0,0.0
2008,2.0,0.0,0.0,0.0,0.0,0.0,0.0,0.2083063053984677,0.15909679375412558,0.4155158834087952,0.18578110332541842,0.0,0.03129991411319308
2008,6.0,0.225,0.0,0.1,0.225,0.0,0.0,0.4090909090909091,0.0,0.18181818181818185,0.4090909090909091,0.0,0.0
2008,7.0,0.61875,1.06875,0.45,0.31875,0.0,0.09375,0.2426470588235294,0.4191176470588236,0.17647058823529413,0.12499999999999999,0.0,0.03676470588235294
2008,8.0,0.0375,0.0375,0.016666666666666666,0.2625,0.0,0.0375,0.09574468085106383,0.09574468085106383,0.0425531914893617,0.6702127659574468,0.0,0.09574468085106383
2008,9.0,0.0,0.0,0.0,0.0,0.0,0.0,0.2083063053984677,0.15909679375412558,0.4155158834087952,0.18578110332541842,0.0,0.03129991411319308
2008,11.0,0.1125,0.45,0.05,0.0,0.0,0.0,0.1836734693877551,0.7346938775510204,0.0816326530612245,0.0,0.0,0.0
2008,12.0,0.0,0.0,0.0,0.0,0.0,0.0,0.2083063053984677,0.15909679375412558,0.4155158834087952,0.18578110332541842,0.0,0.03129991411319308
2008,13.0,0.3375,0.45,0.15000000000000002,0.0,0.0,0.0,0.36,0.48,0.16,0.0,0.0,0.0
2008,14.0,1.275,3.1875,0.7666666666666667,0.7125,0.0,0.48750000000000004,0.1983149708360337,0.4957874270900843,0.11924821775761504,0.11082307193778355,0.0,0.07582631237848349
2008,15.0,0.0,0.225,0.2,0.0,0.0,0.0,0.0,0.5294117647058824,0.47058823529411764,0.0,0.0,0.0
2008,16.0,0.6,0.6,0.5666666666666667,0.0375,0.0,0.0375,0.32579185520361986,0.32579185520361986,0.30769230769230765,0.02036199095022624,0.0,0.02036199095022624
2008,17.0,0.225,0.5625,1.55,0.675,0.0,0.0,0.07468879668049794,0.18672199170124484,0.5145228215767635,0.2240663900414938,0.0,0.0
2008,19.0,0.0,0.0,0.0,0.0,0.0,0.0,0.2083063053984677,0.15909679375412558,0.4155158834087952,0.18578110332541842,0.0,0.03129991411319308
2008,20.0,0.0,0.0,0.0,0.0,0.0,0.0,0.2083063053984677,0.15909679375412558,0.4155158834087952,0.18578110332541842,0.0,0.03129991411319308
2008,21.0,0.825,0.825,2.1166666666666667,1.275,0.0,0.15,0.15890850722311398,0.15890850722311398,0.40770465489566615,0.24558587479935795,0.0,0.028892455858747994
2008,23.0,0.0,0.0,0.0,0.0,0.0,0.0,0.2083063053984677,0.15909679375412558,0.4155158834087952,0.18578110332541842,0.0,0.03129991411319308
2008,24.0,0.3375,0.3375,0.0,0.675,0.0,0.0,0.25,0.25,0.0,0.5,0.0,0.0
2008,25.0,0.3375,0.11249999999999999,0.8500000000000001,1.0125,0.0,0.11249999999999999,0.13917525773195877,0.04639175257731958,0.3505154639175258,0.4175257731958762,0.0,0.04639175257731958
2008,26.0,0.225,0.0,0.5,0.0,0.0,0.0,0.3103448275862069,0.0,0.6896551724137931,0.0,0.0,0.0
2008,27.0,79.39125,41.2275,110.685,4.26,0.0,5.6850000000000005,0.32908460665599304,0.17089207716102156,0.458800304664791,0.017658122580946015,0.0,0.023564888937248382
2008,29.0,0.9,0.675,5.0,1.125,0.0,0.0,0.11688311688311688,0.08766233766233766,0.6493506493506493,0.1461038961038961,0.0,0.0
2008,30.0,3.0187500000000003,0.54375,11.066666666666666,0.99375,0.0,0.09375,0.19207317073170732,0.03459703075291622,0.704135737009544,0.06322905620360551,0.0,0.005965005302226935
2008,31.0,0.7875,0.11249999999999999,1.1333333333333333,0.6375,0.0,0.11249999999999999,0.28293413173652693,0.040419161676646706,0.40718562874251496,0.22904191616766467,0.0,0.040419161676646706
2008,32.0,0.0,0.0,0.0,0.675,0.0,0.0,0.0,0.0,0.0,1.0,0.0,0.0
2008,35.0,3.4125,2.175,7.616666666666667,2.2125,0.0,0.3,0.21712619300106048,0.1383881230116649,0.4846235418875929,0.1407741251325557,0.0,0.019088016967126194
2008,36.0,5.6475,2.1037500000000002,14.435,2.3287500000000003,0.0,0.41625,0.2265229380797192,0.08438205063925797,0.578992228628729,0.09340686888944598,0.0,0.01669591376284783
2008,38.0,1.2375,0.225,2.85,0.45,0.0,0.0,0.25984251968503935,0.047244094488188976,0.5984251968503937,0.09448818897637795,0.0,0.0
2008,39.0,0.5437500000000001,0.31875,1.0166666666666666,0.31875,0.0,0.09375,0.23727272727272727,0.13909090909090907,0.44363636363636355,0.13909090909090907,0.0,0.0409090909090909
2008,40.0,2.565,0.9525,5.923333333333334,0.8775000000000001,0.0,0.4275,0.23869716944552152,0.08863900736719658,0.5512214036448236,0.08165955796820473,0.0,0.039782861574253585
2008,42.0,2.79375,1.21875,7.316666666666667,0.31875,0.0,0.31875,0.23346100278551532,0.10184540389972145,0.6114206128133706,0.026636490250696376,0.0,0.026636490250696376
2008,43.0,26.7975,11.9025,47.56,2.0475,0.0,1.935,0.2969498850319971,0.1318946172812145,0.5270244064603706,0.022688866110757124,0.0,0.02144222511566058
2008,46.0,0.975,0.525,5.433333333333334,0.675,0.0,0.0,0.12814895947426067,0.06900328587075576,0.7141292442497262,0.0887185104052574,0.0,0.0
2008,47.0,0.0,0.0,0.0,0.1125,0.0,0.1125,0.0,0.0,0.0,0.5,0.0,0.5
2008,49.0,0.3375,0.0,0.45,0.225,0.0,0.0,0.33333333333333337,0.0,0.4444444444444444,0.2222222222222222,0.0,0.0
2008,50.0,0.0,0.0,0.2,0.45,0.0,0.0,0.0,0.0,0.3076923076923077,0.6923076923076923,0.0,0.0
2008,51.0,0.225,0.0,0.15000000000000002,0.0,0.0,0.0,0.6,0.0,0.4000000000000001,0.0,0.0,0.0
2008,52.0,0.5625,0.1125,5.300000000000001,0.0,0.0,0.0,0.09414225941422594,0.018828451882845185,0.887029288702929,0.0,0.0,0.0
2008,53.0,0.0,0.0,0.0,0.0,0.0,0.0,0.20830630539846767,0.1590967937541256,0.4155158834087952,0.18578110332541842,0.0,0.03129991411319308
2008,54.0,1.8,0.225,11.950000000000001,0.45,0.0,0.0,0.12478336221837089,0.01559792027729636,0.82842287694974,0.03119584055459272,0.0,0.0
2008,55.0,16.335,4.39125,42.785000000000004,2.89125,0.0,1.65375,0.24002204059142254,0.06452383138947562,0.6286711360088162,0.042483239966939104,0.0,0.024299752043346494
2008,56.0,27.01875,12.1875,49.220000000000006,3.8325,0.0,3.12,0.2832785080534186,0.12778003486101464,0.5160478618140834,0.04018190634706367,0.0,0.032711688924419745
2009,1.0,0.0,0.0,0.4,0.0,0.0,0.0,0.0,0.0,1.0,0.0,0.0,0.0
2009,2.0,0.0,0.0,0.1,0.0,0.0,0.0,0.0,0.0,1.0,0.0,0.0,0.0
2009,6.0,0.0,0.0,0.1,0.0,0.0,0.0,0.0,0.0,1.0,0.0,0.0,0.0
2009,7.0,1.2375,0.675,0.4,0.3375,0.0,0.1125,0.44796380090497734,0.24434389140271492,0.14479638009049772,0.12217194570135746,0.0,0.04072398190045249
2009,8.0,0.0,0.0,0.45,0.0,0.0,0.0,0.0,0.0,1.0,0.0,0.0,0.0
2009,9.0,0.0,0.0,0.0,0.0,0.0,0.0,0.16475439208026804,0.15356626142661237,0.5280458849030462,0.14148645036313726,0.0,0.012147011226936342
2009,11.0,0.0,1.125,0.05,0.0,0.0,0.0,0.0,0.9574468085106383,0.04255319148936171,0.0,0.0,0.0
2009,12.0,0.0,0.0,0.0,0.0,0.0,0.0,0.16475439208026804,0.15356626142661237,0.5280458849030462,0.14148645036313726,0.0,0.012147011226936342
2009,13.0,0.225,0.225,0.1,0.0,0.0,0.0,0.40909090909090906,0.40909090909090906,0.18181818181818182,0.0,0.0,0.0
2009,14.0,0.9375,5.2125,0.5666666666666667,1.2750000000000001,0.0,0.6,0.10911736178467504,0.6066925315227933,0.06595538312318136,0.1483996120271581,0.0,0.06983511154219203
2009,15.0,0.0,0.225,0.6000000000000001,0.225,0.0,0.0,0.0,0.21428571428571427,0.5714285714285715,0.21428571428571427,0.0,0.0
2009,16.0,0.0,0.0,0.75,0.225,0.0,0.0,0.0,0.0,0.7692307692307693,0.23076923076923078,0.0,0.0
2009,17.0,0.1125,0.0,0.75,0.0,0.0,0.0,0.13043478260869565,0.0,0.8695652173913043,0.0,0.0,0.0
2009,19.0,0.0,0.0,0.1,0.0,0.0,0.0,0.0,0.0,1.0,0.0,0.0,0.0
2009,20.0,0.0,0.225,0.0,0.0,0.0,0.0,0.0,1.0,0.0,0.0,0.0,0.0
2009,21.0,0.7875,0.225,1.6500000000000001,0.45,0.0,0.0,0.25301204819277107,0.07228915662650602,0.5301204819277109,0.14457831325301204,0.0,0.0
2009,23.0,0.0,0.0,0.0,0.0,0.0,0.0,0.16475439208026804,0.15356626142661237,0.5280458849030462,0.14148645036313726,0.0,0.012147011226936342
2009,24.0,0.3375,0.1125,0.4,0.45,0.0,0.0,0.25961538461538464,0.08653846153846154,0.3076923076923077,0.34615384615384615,0.0,0.0
2009,25.0,0.525,0.6375,0.6833333333333333,1.0875,0.0,0.1875,0.16822429906542055,0.2042723631508678,0.21895861148197596,0.34846461949265684,0.0,0.06008010680907877
2009,26.0,0.45,0.1125,1.4500000000000002,0.225,0.0,0.0,0.20111731843575417,0.05027932960893854,0.6480446927374302,0.10055865921787709,0.0,0.0
2009,27.0,83.29875,36.0375,125.29,5.4675,0.0,4.7175,0.32690373757045654,0.1414282140211627,0.49169728573601046,0.021457058901441752,0.0,0.01851370377092848
2009,29.0,0.7875,0.5625,2.5500000000000003,1.8,0.0,0.0,0.1381578947368421,0.09868421052631579,0.44736842105263164,0.3157894736842105,0.0,0.0
2009,30.0,1.8375000000000001,2.4,9.316666666666666,0.4875,0.0,0.0375,0.13051198579461382,0.1704646345072507,0.6617342408996745,0.034625628884285296,0.0,0.002663509914175792
2009,31.0,0.375,0.75,0.65,0.675,0.0,0.075,0.1485148514851485,0.297029702970297,0.25742574257425743,0.26732673267326734,0.0,0.029702970297029705
2009,32.0,0.15000000000000002,0.0375,0.16666666666666669,0.9375,0.0,0.0375,0.11285266457680251,0.02821316614420062,0.12539184952978055,0.7053291536050156,0.0,0.02821316614420062
2009,35.0,4.52625,0.40125,7.486666666666667,1.75125,0.0,0.51375,0.3083451603746807,0.027334657961964232,0.5100198694294635,0.11930173147885324,0.0,0.03499858075503832
2009,36.0,5.53125,1.03125,15.083333333333334,1.14375,0.0,0.24375,0.2401410998552822,0.044772069464544144,0.6548480463096962,0.04965629522431259,0.0,0.010582489146164978
2009,38.0,0.1125,0.0,1.75,0.45,0.0,0.0,0.04864864864864865,0.0,0.7567567567567568,0.1945945945945946,0.0,0.0
2009,39.0,0.43125,0.54375,1.1666666666666667,0.76875,0.0,0.09375,0.1435506241331484,0.18099861303744796,0.38834951456310673,0.25589459084604715,0.0,0.03120665742024965
2009,40.0,2.56875,0.76875,5.616666666666667,0.43125,0.0,0.20625,0.26781059947871416,0.08014769765421373,0.5855777584708949,0.044960903562119896,0.0,0.021503040834057338
2009,42.0,2.23875,1.11375,6.920000000000001,0.13875,0.0,0.13875,0.21220379146919433,0.10556872037914693,0.6559241706161139,0.013151658767772514,0.0,0.013151658767772514
2009,43.0,27.74625,13.70625,52.406666666666666,1.2337500000000001,0.0,0.7837500000000001,0.28939522998296424,0.14295709766018844,0.5466050133852519,0.012868094426867852,0.0,0.008174564544727602
2009,46.0,0.9,0.0,6.300000000000001,0.5625,0.0,0.1125,0.11428571428571428,0.0,0.8,0.07142857142857142,0.0,0.014285714285714285
2009,47.0,0.0,0.0,0.0,0.0,0.0,0.0,0.16475439208026804,0.15356626142661237,0.5280458849030462,0.14148645036313726,0.0,0.012147011226936342
2009,49.0,0.45,0.0,0.30000000000000004,0.0,0.0,0.0,0.6,0.0,0.4000000000000001,0.0,0.0,0.0
2009,50.0,0.0,0.0,0.0,0.225,0.0,0.0,0.0,0.0,0.0,1.0,0.0,0.0
2009,51.0,0.1125,0.0,0.25,0.0,0.0,0.0,0.3103448275862069,0.0,0.6896551724137931,0.0,0.0,0.0
2009,52.0,0.6,0.0375,3.0,0.1125,0.0,0.1125,0.15533980582524273,0.00970873786407767,0.7766990291262136,0.02912621359223301,0.0,0.02912621359223301
2009,53.0,0.0,0.225,0.0,0.225,0.0,0.0,0.164754392080268,0.15356626142661234,0.5280458849030462,0.14148645036313723,0.0,0.0
2009,54.0,2.3625000000000003,0.0,9.450000000000001,0.0,0.0,0.0,0.2,0.0,0.8,0.0,0.0,0.0
2009,55.0,14.775,4.425,43.24166666666667,2.56875,0.0,0.99375,0.22384950445047663,0.0670412221450666,0.6551354081181744,0.03891799760116155,0.0,0.01505586768512089
2009,56.0,27.13125,8.3625,44.66666666666667,4.06875,0.0,2.94375,0.31123485409745955,0.09593002413784864,0.5123915589226394,0.04667447362760796,0.0,0.03376908921444447
2010,1.0,0.10625,0.2125,0.6,0.2125,0.0,0.0,0.09392265193370164,0.18784530386740328,0.5303867403314917,0.18784530386740328,0.0,0.0
2010,2.0,0.0,0.0,0.15,0.0,0.0,0.0,0.0,0.0,1.0,0.0,0.0,0.0
2010,6.0,0.0,0.0,0.44999999999999996,0.0,0.0,0.0,0.0,0.0,1.0,0.0,0.0,0.0
2010,7.0,0.10625,0.9562499999999999,0.6749999999999999,0.035416666666666666,0.0,0.035416666666666666,0.0587557603686636,0.5288018433179724,0.37327188940092165,0.0195852534562212,0.0,0.0195852534562212
2010,8.0,0.0,0.0,0.0,0.2125,0.0,0.0,0.0,0.0,0.0,1.0,0.0,0.0
2010,9.0,0.0,0.0,0.0,0.0,0.0,0.0,0.1454334448597036,0.11381114854324405,0.5649263502702393,0.166183613656257,0.0,0.009645442670556115
2010,11.0,0.0,0.85,0.0,0.0,0.0,0.0,0.0,1.0,0.0,0.0,0.0,0.0
2010,12.0,0.0,0.0,0.0,0.0,0.0,0.0,0.1454334448597036,0.11381114854324405,0.5649263502702393,0.166183613656257,0.0,0.009645442670556115
2010,13.0,0.2125,0.10625,0.22499999999999998,0.2125,0.0,0.0,0.2809917355371901,0.14049586776859505,0.29752066115702475,0.2809917355371901,0.0,0.0
2010,14.0,1.0625,3.93125,0.9,0.74375,0.0,0.31875,0.1527403414195867,0.5651392632524708,0.12938005390835577,0.10691823899371068,0.0,0.045822102425876005
2010,15.0,0.0,0.0,0.3,0.0,0.0,0.0,0.0,0.0,1.0,0.0,0.0,0.0
2010,16.0,0.31875,0.10625,0.44999999999999996,0.31875,0.0,0.10625,0.24519230769230768,0.08173076923076925,0.34615384615384615,0.24519230769230768,0.0,0.08173076923076925
2010,17.0,0.0,0.425,0.44999999999999996,0.2125,0.0,0.0,0.0,0.39080459770114945,0.41379310344827586,0.19540229885057472,0.0,0.0
2010,19.0,0.0,0.0,0.0,0.0,0.0,0.0,0.1454334448597036,0.11381114854324405,0.5649263502702393,0.166183613656257,0.0,0.009645442670556115
2010,20.0,0.0,0.0,0.0,0.425,0.0,0.0,0.0,0.0,0.0,1.0,0.0,0.0
2010,21.0,1.16875,0.74375,2.6625,0.903125,0.0,0.053125,0.21129943502824858,0.1344632768361582,0.48135593220338985,0.16327683615819208,0.0,0.009604519774011298
2010,23.0,0.10625,0.0,0.375,0.0,0.0,0.0,0.22077922077922077,0.0,0.7792207792207793,0.0,0.0,0.0
2010,24.0,0.2125,0.10625,0.525,0.0,0.0,0.0,0.2518518518518518,0.1259259259259259,0.6222222222222222,0.0,0.0,0.0
2010,25.0,0.5666666666666667,0.035416666666666666,1.825,1.2041666666666666,0.0,0.035416666666666666,0.15454545454545457,0.00965909090909091,0.4977272727272728,0.328409090909091,0.0,0.00965909090909091
2010,26.0,0.17708333333333331,0.2833333333333333,2.375,0.425,0.0,0.0,0.054313099041533544,0.08690095846645368,0.7284345047923323,0.13035143769968052,0.0,0.0
2010,27.0,70.79083333333332,41.993541666666665,184.7825,5.925208333333333,0.0,4.95125,0.22951001264413778,0.1361466990154864,0.5990808684469325,0.019210038580830625,0.0,0.0160523813126128
2010,29.0,0.74375,0.0,6.075,0.6375,0.0,0.0,0.0997485331098072,0.0,0.8147527242246437,0.08549874266554902,0.0,0.0
2010,30.0,1.6291666666666667,0.7260416666666667,14.237499999999999,1.2041666666666666,0.0,0.14166666666666666,0.09081934846989143,0.04047384007897336,0.7936821322803554,0.0671273445212241,0.0,0.007897334649555776
2010,31.0,0.903125,0.265625,1.35,0.478125,0.0,0.053125,0.29610655737704916,0.08709016393442623,0.4426229508196722,0.15676229508196723,0.0,0.017418032786885248
2010,32.0,0.0,0.0,0.3,0.6375,0.0,0.0,0.0,0.0,0.32,0.6799999999999999,0.0,0.0
2010,35.0,4.78125,1.16875,12.375,1.16875,0.0,0.31875,0.24132492113564669,0.05899053627760252,0.6246056782334385,0.05899053627760252,0.0,0.016088328075709778
2010,36.0,5.985416666666667,0.9385416666666666,18.325,1.5229166666666667,0.0,0.24791666666666667,0.22151971934153206,0.03473534060680828,0.6782065615482478,0.056363005512934196,0.0,0.00917537299047766
2010,38.0,0.425,0.0,3.35,0.2833333333333333,0.0,0.0,0.10472279260780287,0.0,0.8254620123203286,0.06981519507186858,0.0,0.0
2010,39.0,0.49583333333333335,0.38958333333333334,2.4875,0.3364583333333333,0.0,0.12395833333333334,0.12934782608695652,0.10163043478260869,0.6489130434782608,0.08777173913043478,0.0,0.03233695652173913
2010,40.0,1.3812499999999999,0.10625,8.625,0.425,0.0,0.2125,0.12848837209302327,0.00988372093023256,0.8023255813953489,0.03953488372093024,0.0,0.01976744186046512
2010,42.0,2.1958333333333333,0.6552083333333333,9.125,0.24791666666666667,0.0,0.24791666666666667,0.1760628079846321,0.05253487012444668,0.7316462039589076,0.01987805896600685,0.0,0.01987805896600685
2010,43.0,22.457708333333333,15.19375,83.615,2.2525,0.0,1.19,0.1800809551572578,0.12183366939357136,0.6704811035026553,0.01806205448352247,0.0,0.009542217462993002
2010,46.0,0.74375,0.425,4.575,0.0,0.0,0.0,0.1294885745375408,0.07399347116430903,0.7965179542981502,0.0,0.0,0.0
2010,47.0,0.10625,0.0,0.075,0.0,0.0,0.0,0.5862068965517241,0.0,0.41379310344827586,0.0,0.0,0.0
2010,49.0,0.53125,0.0,0.525,0.0,0.0,0.0,0.5029585798816568,0.0,0.49704142011834324,0.0,0.0,0.0
2010,50.0,0.0,0.0,0.0,0.2125,0.0,0.0,0.0,0.0,0.0,1.0,0.0,0.0
2010,51.0,0.0,0.0,0.0,0.0,0.0,0.0,0.1454334448597036,0.11381114854324405,0.5649263502702393,0.166183613656257,0.0,0.009645442670556115
2010,52.0,0.0,0.10625,1.4249999999999998,0.0,0.0,0.0,0.0,0.06938775510204083,0.9306122448979592,0.0,0.0,0.0
2010,53.0,0.0,0.0,0.0,0.0,0.0,0.0,0.1454334448597036,0.11381114854324403,0.5649263502702392,0.166183613656257,0.0,0.009645442670556115
2010,54.0,1.59375,0.425,10.125,0.6375,0.0,0.0,0.12469437652811736,0.033251833740831294,0.7921760391198044,0.04987775061124694,0.0,0.0
2010,55.0,13.589375,5.344374999999999,59.085,1.7672916666666667,0.0,0.7047916666666667,0.16883133690171762,0.06639731232334944,0.7340587437492883,0.021956433962459495,0.0,0.00875617306318525
2010,56.0,21.841458333333332,6.452916666666667,51.9475,5.308958333333333,0.0,2.971458333333333,0.24673399120278083,0.0728959513493541,0.5868295885923273,0.05997312353056081,0.0,0.033567345324976995
2011,1.0,0.103125,0.0,0.225,0.0,0.0,0.0,0.3142857142857143,0.0,0.6857142857142857,0.0,0.0,0.0
2011,2.0,0.20625,0.0,0.15,0.20625,0.0,0.0,0.36666666666666664,0.0,0.26666666666666666,0.36666666666666664,0.0,0.0
2011,6.0,0.103125,0.0,0.375,0.0,0.0,0.0,0.2156862745098039,0.0,0.7843137254901961,0.0,0.0,0.0
2011,7.0,0.30937499999999996,0.6187499999999999,0.6,0.4125,0.0125,0.0,0.15839999999999999,0.31679999999999997,0.30720000000000003,0.2112,0.006400000000000001,0.0
2011,8.0,0.0,0.6187499999999999,0.15,0.0,0.0,0.0,0.0,0.8048780487804877,0.1951219512195122,0.0,0.0,0.0
2011,9.0,0.0,0.0,0.0,0.0,0.0,0.0,0.15142865396361252,0.1179221864184536,0.5154638748508749,0.17732223148396944,0.018100526715233625,0.019762526567855945
2011,11.0,0.0,0.0,0.15,0.30937499999999996,0.025,0.30937499999999996,0.0,0.0,0.1889763779527559,0.38976377952755903,0.03149606299212599,0.38976377952755903
2011,12.0,0.0,0.0,0.0,0.0,0.0,0.0,0.15142865396361252,0.1179221864184536,0.5154638748508749,0.17732223148396944,0.018100526715233625,0.019762526567855945
2011,13.0,0.2578125,0.15468749999999998,0.525,0.4640625,0.0,0.0515625,0.1774193548387097,0.10645161290322579,0.3612903225806452,0.3193548387096774,0.0,0.035483870967741936
2011,14.0,0.8937499999999999,3.2312499999999997,1.75,0.7218749999999999,0.058333333333333334,0.515625,0.12463683904706566,0.4506101104009297,0.24404416037187684,0.10066821615339919,0.008134805345729228,0.07190586868099944
2011,15.0,0.24062499999999998,0.44687499999999997,0.625,0.24062499999999998,0.004166666666666667,0.034374999999999996,0.1511780104712042,0.28075916230366493,0.39267015706806285,0.1511780104712042,0.002617801047120419,0.021596858638743454
2011,16.0,0.4125,0.20625,1.575,0.4125,0.0125,0.0,0.15751789976133648,0.07875894988066824,0.6014319809069212,0.15751789976133648,0.0047732696897374695,0.0
2011,17.0,0.20625,0.4125,0.75,0.20625,0.025,0.0,0.12890625,0.2578125,0.46875000000000006,0.12890625,0.015625000000000003,0.0
2011,19.0,0.0,0.0,0.0,0.0,0.0,0.0,0.15142865396361252,0.1179221864184536,0.5154638748508749,0.17732223148396944,0.018100526715233625,0.019762526567855945
2011,20.0,0.20625,0.0,0.3,0.20625,0.0,0.0,0.2894736842105263,0.0,0.4210526315789474,0.2894736842105263,0.0,0.0
2011,21.0,0.8421875,0.22343749999999998,5.0,1.3578124999999999,0.23333333333333334,0.12031249999999999,0.10829091883203858,0.028730243771765335,0.642914545941602,0.17459148138226627,0.030002678810608092,0.015470131261719797
2011,23.0,0.0,0.0,0.0,0.0,0.0,0.0,0.15142865396361252,0.1179221864184536,0.5154638748508749,0.17732223148396944,0.018100526715233625,0.019762526567855945
2011,24.0,0.48124999999999996,0.378125,0.5,1.85625,0.0125,0.0,0.14908034849951596,0.11713455953533398,0.1548886737657309,0.5750242013552759,0.0038722168441432726,0.0
2011,25.0,0.20625,0.0,1.7249999999999999,1.4437499999999999,0.1625,0.0,0.05830388692579506,0.0,0.4876325088339223,0.4081272084805654,0.04593639575971732,0.0
2011,26.0,0.48124999999999996,0.17187499999999997,4.3999999999999995,0.06874999999999999,0.020833333333333336,0.06874999999999999,0.09234459324405357,0.032980211872876274,0.8442934239456326,0.013192084749150509,0.003997601439136519,0.013192084749150509
2011,27.0,82.13562499999999,36.8603125,188.1325,7.541874999999999,2.3945833333333333,6.4934375,0.2538510572539728,0.11392169109125096,0.581448476575579,0.023309166301800292,0.0074007778092564465,0.02006883096814073
2011,29.0,0.9109375,0.9109375,6.3999999999999995,0.9109375,0.09166666666666667,0.0859375,0.09784068024166481,0.09784068024166481,0.687402103378832,0.09784068024166481,0.009845603043186399,0.009230252852987246
2011,30.0,3.3171874999999997,1.2203125,14.4,1.4265625,0.1625,0.12031249999999999,0.16066293325261088,0.05910398062660814,0.6974421068563645,0.06909338580293628,0.007870440441955503,0.005827153019524746
2011,31.0,1.30625,0.27499999999999997,1.7,0.48124999999999996,0.13333333333333333,0.06874999999999999,0.3294797687861271,0.06936416184971098,0.4287966368891224,0.1213872832369942,0.033631108775617445,0.017341040462427744
2011,32.0,0.0,0.0,0.0,0.4125,0.025,0.0,0.0,0.0,0.0,0.9428571428571428,0.05714285714285715,0.0
2011,35.0,5.9640625,1.8390624999999998,16.75,1.9421875,0.21666666666666667,0.2921875,0.22085712081468908,0.06810291621663322,0.6202746489739238,0.07192177133158463,0.008023453170806974,0.01082008949236229
2011,36.0,7.734375,0.928125,26.4,2.3718749999999997,0.42500000000000004,0.515625,0.20154723127035834,0.024185667752443,0.6879478827361565,0.06180781758957655,0.011074918566775248,0.013436482084690556
2011,38.0,1.03125,1.03125,3.375,0.20625,0.037500000000000006,0.0,0.18151815181518152,0.18151815181518152,0.5940594059405941,0.036303630363036306,0.0066006600660066025,0.0
2011,39.0,0.7046874999999999,0.9453124999999999,2.15,0.0859375,0.04583333333333334,0.0859375,0.1753953850142598,0.2352864920922997,0.535130930775214,0.02138968109929998,0.011407829919626656,0.02138968109929998
2011,40.0,3.025,0.4125,10.575,0.75625,0.1375,0.34375,0.19836065573770492,0.027049180327868853,0.6934426229508197,0.04959016393442623,0.009016393442622953,0.02254098360655738
2011,42.0,2.1209374999999997,0.6875,6.305,0.23031249999999998,0.07791666666666666,0.23031249999999998,0.2197412016102052,0.0712289146224328,0.6532339006464564,0.02386168639851499,0.008072610323875717,0.02386168639851499
2011,43.0,24.0521875,14.7640625,77.705,1.6396874999999997,1.2216666666666667,1.0209374999999998,0.19976312297015067,0.12262149680674535,0.6453713813097275,0.013618266350830622,0.010146434645990826,0.008479297916554916
2011,46.0,1.03125,0.0,4.2749999999999995,0.20625,0.1125,0.0,0.18333333333333338,0.0,0.76,0.036666666666666674,0.020000000000000004,0.0
2011,47.0,0.0,0.0,0.15,0.6187499999999999,0.0,0.0,0.0,0.0,0.1951219512195122,0.8048780487804877,0.0,0.0
2011,49.0,0.30937499999999996,0.0,0.675,0.0,0.025,0.0,0.3065015479876161,0.0,0.6687306501547988,0.0,0.024767801857585144,0.0
2011,50.0,0.0,0.0,0.0,0.20625,0.0,0.0,0.0,0.0,0.0,1.0,0.0,0.0
2011,51.0,0.0,0.0,0.15,0.0,0.0,0.0,0.0,0.0,1.0,0.0,0.0,0.0
2011,52.0,0.103125,0.0,2.175,0.0,0.05,0.0,0.04429530201342283,0.0,0.9342281879194632,0.0,0.0214765100671141,0.0
2011,53.0,0.0,0.20625,0.0,0.0,0.07500000000000001,0.0,0.15142865396361252,0.1179221864184536,0.5154638748508749,0.17732223148396947,0.018100526715233625,0.0
2011,54.0,2.2171875,0.4640625,12.299999999999999,0.0515625,0.037500000000000006,0.0515625,0.14662120272783635,0.030688158710477375,0.8133911965282083,0.003409795412275264,0.002479851208927465,0.003409795412275264
2011,55.0,12.653437499999999,4.850312499999999,70.85249999999999,2.04875,0.4979166666666667,1.43,0.13704145776831125,0.052530697340691976,0.7673590584795058,0.02218872828848506,0.005392623612922442,0.01548743451008353
2011,56.0,22.237187499999997,12.9284375,62.5325,5.6821874999999995,1.5108333333333335,3.430625,0.20528825672740067,0.11935216162494264,0.5772846909622084,0.05245656026749008,0.013947642488765628,0.03167068792919244
2012,1.0,0.615,0.0,0.75,0.0,0.03,0.0,0.44086021505376344,0.0,0.5376344086021505,0.0,0.02150537634408602,0.0
2012,2.0,0.0,0.0,0.0,0.0,0.0,0.0,0.15639306992988317,0.08159369469579769,0.573471768462158,0.1461928885115369,0.023014860531932288,0.019333717868692066
2012,6.0,0.034166666666666665,0.034166666666666665,0.175,0.034166666666666665,0.004999999999999999,0.034166666666666665,0.10789473684210527,0.10789473684210527,0.5526315789473684,0.10789473684210527,0.015789473684210523,0.10789473684210527
2012,7.0,0.8541666666666666,0.6491666666666667,0.7,0.7516666666666666,0.019999999999999997,0.13666666666666666,0.27450455275843594,0.20862346009641133,0.2249598286020353,0.24156400642742362,0.006427423674343865,0.043920728441349755
2012,8.0,0.0,0.0,0.0,0.0,0.0,0.0,0.15639306992988317,0.08159369469579769,0.573471768462158,0.1461928885115369,0.023014860531932288,0.019333717868692066
2012,9.0,0.0,0.0,0.075,0.0,0.015,0.0,0.0,0.0,0.8333333333333334,0.0,0.16666666666666666,0.0
2012,11.0,0.0,0.41,0.0,0.1025,0.0,0.1025,0.0,0.6666666666666667,0.0,0.16666666666666669,0.0,0.16666666666666669
2012,12.0,0.0,0.0,0.15,0.0,0.03,0.0,0.0,0.0,0.8333333333333334,0.0,0.16666666666666666,0.0
2012,13.0,0.3075,0.1025,1.2,0.0,0.0,0.0,0.19099378881987578,0.06366459627329192,0.7453416149068324,0.0,0.0,0.0
2012,14.0,1.1958333333333333,3.348333333333333,0.8,0.8883333333333333,0.05499999999999999,0.4783333333333333,0.1767459046680626,0.49488853307057523,0.11824116270476662,0.13129695775341793,0.008129079935952705,0.07069836186722503
2012,15.0,0.3075,0.0,0.525,0.0,0.03,0.0,0.3565217391304348,0.0,0.6086956521739131,0.0,0.03478260869565217,0.0
2012,16.0,0.1025,0.0,0.975,0.5125,0.03,0.1025,0.059506531204644414,0.0,0.5660377358490566,0.29753265602322204,0.01741654571843251,0.059506531204644414
2012,17.0,0.1025,0.205,0.8999999999999999,0.205,0.015,0.0,0.07180385288966726,0.14360770577933452,0.6304728546409808,0.14360770577933452,0.010507880910683014,0.0
2012,19.0,0.0,0.0,0.0,0.205,0.0,0.0,0.0,0.0,0.0,1.0,0.0,0.0
2012,20.0,0.0,0.0,0.375,0.205,0.075,0.0,0.0,0.0,0.5725190839694656,0.3129770992366412,0.11450381679389311,0.0
2012,21.0,0.8541666666666666,0.44416666666666665,3.3249999999999997,0.44416666666666665,0.155,0.034166666666666665,0.16249207355738743,0.08449587824984146,0.6325301204819277,0.08449587824984146,0.029486366518706404,0.006499682942295497
2012,23.0,0.0,0.0,0.15,0.0,0.0,0.0,0.0,0.0,1.0,0.0,0.0,0.0
2012,24.0,0.82,0.0,0.675,0.41,0.015,0.0,0.4270833333333333,0.0,0.35156250000000006,0.21354166666666666,0.0078125,0.0
2012,25.0,0.205,0.0,0.75,1.23,0.06,0.0,0.09131403118040089,0.0,0.334075723830735,0.5478841870824054,0.026726057906458798,0.0
2012,26.0,0.22208333333333333,0.11958333333333332,3.7624999999999997,0.4783333333333333,0.017499999999999998,0.06833333333333333,0.04757229560871118,0.02561585148161371,0.8059621563727241,0.10246340592645484,0.0037486611924312744,0.014637629418064978
2012,27.0,84.98958333333333,41.2255,188.8575,5.9279166666666665,3.068,4.117083333333333,0.25896805846895066,0.12561642586879831,0.5754594643731812,0.018062696741452437,0.009348369202689435,0.012544985344928062
2012,29.0,1.1275,0.205,6.3,1.025,0.045,0.0,0.12956047112898594,0.02355644929617926,0.7239299051996553,0.11778224648089629,0.005170927894283252,0.0
2012,30.0,3.399583333333333,0.9395833333333333,11.375,0.7345833333333334,0.11499999999999999,0.11958333333333332,0.2037712287712288,0.056318681318681334,0.6818181818181819,0.044030969030969036,0.006893106893106894,0.007167832167832169
2012,31.0,0.5466666666666666,0.17083333333333334,2.3,1.2641666666666667,0.05499999999999999,0.034166666666666665,0.12507149666348905,0.039084842707340334,0.5262154432793137,0.28922783603431845,0.012583412774070544,0.007816968541468065
2012,32.0,0.0,0.0,0.0,0.41,0.0,0.0,0.0,0.0,0.0,1.0,0.0,0.0
2012,35.0,4.270833333333333,0.56375,12.65,1.7083333333333333,0.20249999999999999,0.205,0.21789502774175715,0.028762143661911946,0.6453944431453413,0.08715801109670288,0.01033141302268234,0.010458961331604344
2012,36.0,6.047499999999999,1.5204166666666665,23.8125,2.9212499999999997,0.6649999999999999,0.5979166666666667,0.17004276257981374,0.04275086403842775,0.6695565579052195,0.08213930056821511,0.01869837736512214,0.016812137543201926
2012,38.0,0.1025,0.0,2.3249999999999997,0.205,0.0,0.0,0.03893637226970561,0.0,0.8831908831908832,0.07787274453941122,0.0,0.0
2012,39.0,0.7585,0.205,2.355,0.041,0.096,0.041,0.21693121693121695,0.05863005863005863,0.6735306735306735,0.011726011726011728,0.02745602745602746,0.011726011726011728
2012,40.0,1.1172499999999999,0.50225,9.03,1.32225,0.03,0.50225,0.08935140754958412,0.0401671465131158,0.722168905950096,0.10574616122840691,0.0023992322456813818,0.0401671465131158
2012,42.0,2.220833333333333,0.22208333333333333,5.3,0.17083333333333334,0.1225,0.17083333333333334,0.27059958369294823,0.027059958369294822,0.6457836218713511,0.02081535259176525,0.014926130882875567,0.02081535259176525
2012,43.0,26.233166666666666,15.703,86.5,2.8016666666666663,1.403,1.7083333333333333,0.1952611044603924,0.11688200522270949,0.6438447081299351,0.020853621471414657,0.010442937867124844,0.012715622848423574
2012,46.0,0.9225,0.205,5.325,0.205,0.06,0.0,0.1373278749534797,0.030517305545217713,0.7927056196501675,0.030517305545217713,0.00893189430591738,0.0
2012,47.0,0.1025,0.0,0.075,0.0,0.0,0.0,0.5774647887323944,0.0,0.4225352112676056,0.0,0.0,0.0
2012,49.0,0.5125,0.0,0.975,0.205,0.0,0.0,0.30280649926144754,0.0,0.5760709010339734,0.12112259970457903,0.0,0.0
2012,50.0,0.0,0.0,0.0,0.0,0.0,0.0,0.15639306992988317,0.08159369469579769,0.573471768462158,0.1461928885115369,0.023014860531932288,0.019333717868692066
2012,51.0,0.0,0.0,0.0,0.0,0.0,0.0,0.15639306992988317,0.08159369469579769,0.573471768462158,0.1461928885115369,0.023014860531932288,0.019333717868692066
2012,52.0,0.034166666666666665,0.034166666666666665,1.75,0.034166666666666665,0.019999999999999997,0.034166666666666665,0.017919580419580416,0.017919580419580416,0.9178321678321678,0.017919580419580416,0.010489510489510488,0.017919580419580416
2012,53.0,0.034166666666666665,0.3416666666666667,0.175,0.034166666666666665,0.049999999999999996,0.034166666666666665,0.15639306992988317,0.08159369469579769,0.573471768462158,0.1461928885115369,0.023014860531932285,0.05105853051058531
2012,54.0,1.845,0.205,11.1,0.41,0.12,0.0,0.1348684210526316,0.014985380116959065,0.8114035087719299,0.02997076023391813,0.008771929824561405,0.0
2012,55.0,15.415999999999999,5.405166666666666,63.18,3.7651666666666666,0.9149999999999999,1.7151666666666665,0.17053757612296935,0.05979398169914395,0.6989208652989883,0.041651686366913174,0.010122073310360467,0.018973817201624693
2012,56.0,29.04508333333333,14.373916666666666,73.1925,4.824333333333333,1.6755,4.687666666666667,0.2272716009775768,0.11247284146719981,0.5727157489495224,0.037749382493864066,0.01311043122403149,0.0366799948878056
2013,1.0,0.0,0.0,0.3,0.0,0.035,0.0,0.0,0.0,0.8955223880597015,0.0,0.10447761194029853,0.0
2013,2.0,0.0,0.0,0.0,0.0,0.0,0.0,0.15320710144759547,0.11213008081869576,0.5552027002306325,0.10022261490598348,0.06530711381344864,0.01393038878364414
2013,6.0,0.20375,0.0,0.15,0.20375,0.0,0.0,0.3654708520179372,0.0,0.26905829596412556,0.3654708520179372,0.0,0.0
2013,7.0,0.6621874999999999,0.3565625,0.45,0.0509375,0.052500000000000005,0.0509375,0.40797073546399687,0.2196765498652291,0.2772429726607624,0.0313823642664613,0.03234501347708895,0.0313823642664613
2013,8.0,0.101875,0.5093749999999999,0.0,0.0,0.0,0.0,0.16666666666666669,0.8333333333333334,0.0,0.0,0.0,0.0
2013,9.0,0.0,0.0,0.0,0.0,0.0,0.0,0.15320710144759547,0.11213008081869576,0.5552027002306325,0.10022261490598348,0.06530711381344864,0.01393038878364414
2013,11.0,0.101875,0.815,0.3,0.0,0.0175,0.0,0.08253164556962025,0.660253164556962,0.2430379746835443,0.0,0.014177215189873419,0.0
2013,12.0,0.0,0.0,0.075,0.0,0.0175,0.0,0.0,0.0,0.8108108108108107,0.0,0.1891891891891892,0.0
2013,13.0,0.101875,0.101875,1.2,0.0,0.0,0.0,0.07257346393588601,0.07257346393588601,0.8548530721282279,0.0,0.0,0.0
2013,14.0,1.2055208333333334,3.039270833333333,1.375,0.6961458333333332,0.21583333333333335,0.2886458333333333,0.17675178691428922,0.4456136599670108,0.20160058647443338,0.1020679332885332,0.031645182967805,0.0423208503879284
2013,15.0,0.5093749999999999,0.20375,1.5,0.4075,0.0175,0.0,0.19308220800758114,0.07723288320303247,0.5685856432125089,0.15446576640606494,0.0066334991708126055,0.0
2013,16.0,0.1358333333333333,0.3395833333333333,1.0,0.6452083333333333,0.05833333333333334,0.033958333333333326,0.06138203728111465,0.15345509320278666,0.4518922990020712,0.29156467708529465,0.026360384108454156,0.015345509320278663
2013,17.0,0.101875,0.20375,0.825,0.20375,0.035,0.0,0.07439525330899133,0.14879050661798265,0.6024646280237335,0.14879050661798265,0.025559105431309907,0.0
2013,19.0,0.0,0.0,0.0,0.0,0.0,0.0,0.15320710144759547,0.11213008081869576,0.5552027002306325,0.10022261490598348,0.06530711381344864,0.01393038878364414
2013,20.0,0.101875,0.0,0.675,0.20375,0.07,0.0,0.09696609161213561,0.0,0.6424747174301011,0.19393218322427122,0.06662700773349196,0.0
2013,21.0,1.528125,0.4075,3.9749999999999996,0.61125,0.24500000000000002,0.0,0.2258243280687171,0.060219820818324554,0.5874203380437794,0.09032973122748683,0.03620578184169207,0.0
2013,23.0,0.033958333333333326,0.033958333333333326,0.024999999999999998,0.033958333333333326,0.005833333333333334,0.033958333333333326,0.20374999999999996,0.20374999999999996,0.15,0.20374999999999996,0.035,0.20374999999999996
2013,24.0,0.2716666666666666,0.06791666666666665,0.19999999999999998,0.4075,0.035,0.0,0.2766228256257955,0.06915570640644887,0.20364870598218074,0.41493423843869326,0.035638523546881636,0.0
2013,25.0,0.61125,0.5093749999999999,2.475,1.0187499999999998,0.07,0.0,0.1304869913275517,0.1087391594396264,0.5283522348232156,0.2174783188792528,0.014943295530353572,0.0
2013,26.0,0.6961458333333332,0.3905208333333333,4.3374999999999995,0.4754166666666666,0.07291666666666667,0.06791666666666665,0.11524798234117403,0.06465130716700007,0.7180796026764158,0.07870593915982617,0.012071463061323036,0.01124370559426088
2013,27.0,95.34481249999999,35.26572916666667,189.30499999999998,7.2636875,4.327166666666667,6.6524375,0.28195274853582114,0.1042874699413934,0.559810897541737,0.021480105749122822,0.012796255014285692,0.019672523217639834
2013,29.0,1.0017708333333333,0.08489583333333332,5.575,1.5111458333333332,0.12833333333333335,0.08489583333333332,0.11945693488684073,0.010123469058206842,0.6647951705462948,0.18019774923608178,0.015303207214369119,0.010123469058206842
2013,30.0,3.192083333333333,1.0527083333333334,15.325,1.2564583333333332,0.19833333333333336,0.033958333333333326,0.15158140501182218,0.049989612291132864,0.7277332040640674,0.0596650211216747,0.009418189372879178,0.0016125681384236404
2013,31.0,0.5263541666666667,0.42447916666666663,2.8249999999999997,1.6469791666666667,0.08166666666666667,0.22072916666666664,0.09193624686146794,0.07414213456569994,0.4934318256249773,0.2876714821149158,0.014264400858775155,0.03855390997416397
2013,32.0,0.101875,0.0,0.6749999999999999,0.20375,0.0,0.0,0.10388782664117271,0.0,0.6883365200764818,0.20777565328234543,0.0,0.0
2013,35.0,4.047833333333333,1.8677083333333333,13.93,1.9084583333333331,0.18783333333333335,0.2784583333333333,0.18216832587331025,0.08405417720664483,0.6269044623251645,0.08588808652751707,0.008453234374736307,0.012531713692627048
2013,36.0,7.0803125,1.9865624999999998,28.599999999999998,3.650520833333333,0.49000000000000005,0.3905208333333333,0.16778820044433476,0.0470772648728709,0.6777585781288572,0.08650950382621576,0.01161194766724266,0.009254505060478896
2013,38.0,0.45843749999999994,0.0509375,3.4499999999999997,0.45843749999999994,0.10500000000000001,0.0509375,0.10023230390817164,0.011136922656463516,0.7543044547690627,0.10023230390817164,0.02295709210166713,0.011136922656463516
2013,39.0,0.5263541666666667,0.22072916666666664,3.7249999999999996,0.5263541666666667,0.18666666666666668,0.11885416666666665,0.0992379904945206,0.04161593149770219,0.7023056679366825,0.0992379904945206,0.035193841077811386,0.022408578498762714
2013,40.0,4.594562499999999,0.8251875,14.34,1.9458125,0.0945,0.7233124999999999,0.20399085394617814,0.036636938291885655,0.6366719019685105,0.08639080510802667,0.00419564119498077,0.032113859490418284
2013,42.0,2.377083333333333,1.7318749999999998,8.2,0.0,0.14583333333333334,0.0,0.190856932572805,0.13905290801732936,0.6583811451415955,0.0,0.011709014268270247,0.0
2013,43.0,27.1496875,16.10983333333333,93.14999999999999,2.8355208333333333,1.8497500000000002,2.0205208333333333,0.18970498003139952,0.11256540653770597,0.6508737490965546,0.01981284031597481,0.012924892296203458,0.01411813172216169
2013,46.0,1.528125,0.0,6.5249999999999995,0.61125,0.10500000000000001,0.0,0.17425700235193503,0.0,0.7440667094291212,0.06970280094077401,0.011973487278169772,0.0
2013,47.0,0.0,0.0,0.0,0.0,0.0,0.0,0.15320710144759547,0.11213008081869576,0.5552027002306325,0.10022261490598348,0.06530711381344864,0.01393038878364414
2013,49.0,0.305625,0.101875,0.15,0.0,0.0,0.0,0.5482062780269058,0.1827354260089686,0.26905829596412556,0.0,0.0,0.0
2013,50.0,0.0,0.0,0.44999999999999996,0.0,0.0,0.0,0.0,0.0,1.0,0.0,0.0,0.0
2013,51.0,0.0,0.0,0.0,0.0,0.10500000000000001,0.0,0.0,0.0,0.0,0.0,1.0,0.0
2013,52.0,0.305625,0.20375,3.4499999999999997,0.4075,0.052500000000000005,0.0,0.06915570640644887,0.04610380427096592,0.7806533729316928,0.09220760854193184,0.011879507848960545,0.0
2013,53.0,0.0,0.0,0.075,0.0,0.12250000000000001,0.0,0.15320710144759545,0.11213008081869576,0.5552027002306326,0.10022261490598347,0.06530711381344864,0.0
2013,54.0,2.139375,0.0,13.2,0.61125,0.2625,0.0,0.13195327859373193,0.0,0.8141551983346826,0.03770093674106627,0.016190586330519258,0.0
2013,55.0,13.715770833333332,7.773062499999999,63.235,2.754020833333333,1.1818333333333335,1.5654791666666665,0.15201712936708345,0.08615182201566081,0.700857669053904,0.030523865292573577,0.013098710448489058,0.017350803822289047
2013,56.0,27.693020833333332,15.264270833333331,72.9125,6.553958333333332,2.40625,4.720208333333333,0.21376284291322062,0.11782513536418475,0.5628126804118738,0.05059010261465552,0.018573879818152877,0.03643535887791253
2014,1.0,0.0,0.40499999999999997,0.75,0.20249999999999999,0.12,0.0,0.0,0.2741116751269036,0.5076142131979696,0.1370558375634518,0.08121827411167513,0.0
2014,2.0,0.0,0.0,0.15,0.0,0.04,0.0,0.0,0.0,0.7894736842105263,0.0,0.21052631578947367,0.0
2014,6.0,0.0,0.0,0.375,0.0,0.02,0.0,0.0,0.0,0.9493670886075949,0.0,0.05063291139240506,0.0
2014,7.0,0.20249999999999999,0.6074999999999999,0.6,0.40499999999999997,0.04,0.0,0.1091644204851752,0.32749326145552565,0.3234501347708895,0.2183288409703504,0.021563342318059304,0.0
2014,8.0,0.0,0.0,0.3,0.0,0.0,0.0,0.0,0.0,1.0,0.0,0.0,0.0
2014,9.0,0.0,0.0,0.075,0.0,0.02,0.0,0.0,0.0,0.7894736842105263,0.0,0.21052631578947367,0.0
2014,11.0,0.20249999999999999,0.50625,0.3,0.10124999999999999,0.04,0.20249999999999999,0.1497227356746765,0.3743068391866913,0.22181146025878,0.07486136783733825,0.029574861367837338,0.1497227356746765
2014,12.0,0.0,0.0,0.075,0.0,0.02,0.0,0.0,0.0,0.7894736842105263,0.0,0.21052631578947367,0.0
2014,13.0,0.20249999999999999,0.20249999999999999,0.75,0.0,0.0,0.0,0.1753246753246753,0.1753246753246753,0.6493506493506493,0.0,0.0,0.0
2014,14.0,0.7593749999999999,1.265625,1.4249999999999998,0.253125,0.28,0.253125,0.17925641782236648,0.29876069637061087,0.3363824136913544,0.05975213927412217,0.06609619356742404,0.05975213927412217
2014,15.0,0.40499999999999997,0.10124999999999999,1.2,0.10124999999999999,0.1,0.10124999999999999,0.2016179215930305,0.05040448039825762,0.59738643434972,0.05040448039825762,0.04978220286247667,0.05040448039825762
2014,16.0,0.40499999999999997,0.50625,1.275,0.8099999999999999,0.0,0.0,0.13516896120150187,0.16896120150187735,0.425531914893617,0.27033792240300375,0.0,0.0
2014,17.0,0.16874999999999998,0.06749999999999999,1.025,0.0,0.04,0.0,0.12968299711815565,0.051873198847262256,0.787704130643612,0.0,0.030739673390970227,0.0
2014,19.0,0.0,0.0,0.0,0.20249999999999999,0.0,0.0,0.0,0.0,0.0,1.0,0.0,0.0
2014,20.0,0.0,0.0,0.15,0.0,0.04,0.0,0.0,0.0,0.7894736842105263,0.0,0.21052631578947367,0.0
2014,21.0,0.7593749999999999,0.860625,4.2,0.45562499999999995,0.14,0.050624999999999996,0.11743669050840903,0.13309491590953026,0.6495263870094723,0.07046201430504542,0.021650879566982414,0.007829112700560604
2014,23.0,0.10124999999999999,0.0,0.22499999999999998,0.0,0.0,0.0,0.3103448275862069,0.0,0.689655172413793,0.0,0.0,0.0
2014,24.0,0.9112499999999999,0.20249999999999999,1.125,0.20249999999999999,0.0,0.0,0.3732718894009216,0.08294930875576036,0.46082949308755755,0.08294930875576036,0.0,0.0
2014,25.0,0.40499999999999997,0.10124999999999999,1.7999999999999998,1.8224999999999998,0.06,0.0,0.09668755595344673,0.024171888988361683,0.4297224709042077,0.4350940017905103,0.01432408236347359,0.0
2014,26.0,0.7593749999999999,0.556875,6.75,0.35437499999999994,0.04,0.15187499999999998,0.08817126269956457,0.06465892597968069,0.7837445573294629,0.0411465892597968,0.0046444121915820025,0.017634252539912913
2014,27.0,84.93187499999999,31.863374999999998,200.17249999999999,5.9399999999999995,4.483333333333333,4.5225,0.2558855053386135,0.09599900877813829,0.6030861948755236,0.017896224494176823,0.013507531955481386,0.013625534558066445
2014,29.0,0.7762499999999999,0.30374999999999996,5.975,1.0799999999999998,0.14,0.0,0.09380664652567977,0.036706948640483385,0.7220543806646526,0.13051359516616315,0.01691842900302115,0.0
2014,30.0,3.6112499999999996,1.11375,12.799999999999999,0.9787499999999999,0.12,0.10124999999999998,0.19285714285714287,0.059479305740987996,0.6835781041388518,0.052269692923898534,0.006408544726301737,0.005407209612817088
2014,31.0,0.8099999999999999,0.30374999999999996,2.3249999999999997,0.9112499999999999,0.04,0.10124999999999999,0.1803506818814361,0.06763150570553854,0.5176732535485666,0.20289451711661563,0.008906206512663512,0.022543835235179513
2014,32.0,0.0,0.0,0.15,0.0,0.04,0.0,0.0,0.0,0.7894736842105263,0.0,0.21052631578947367,0.0
2014,35.0,3.8474999999999997,1.164375,19.537499999999998,1.8562499999999997,0.2866666666666667,0.5399999999999999,0.14128447385533413,0.042757143403587966,0.7174387025207513,0.06816356194774892,0.010526718433232609,0.01982939983934514
2014,36.0,6.655499999999999,1.4242499999999998,24.43,1.8292499999999998,0.5866666666666667,0.31049999999999994,0.18888263479285008,0.0404201175875166,0.6933217290946329,0.05191398988728436,0.0166495598745607,0.008811968763155278
2014,38.0,0.50625,0.0,3.0,1.0125,0.1,0.0,0.10960757780784845,0.0,0.6495263870094723,0.2192151556156969,0.021650879566982414,0.0
2014,39.0,1.3499999999999999,0.23625,3.4,0.033749999999999995,0.20666666666666667,0.033749999999999995,0.2566336633663366,0.0449108910891089,0.6463366336633662,0.0064158415841584155,0.03928712871287129,0.0064158415841584155
2014,40.0,1.9743749999999998,0.6074999999999999,10.4625,0.7593749999999999,0.12,0.15187499999999998,0.140269082189956,0.04315971759690954,0.7433062475023312,0.053949646996136934,0.008525376315438923,0.010789929399227386
2014,42.0,2.1262499999999998,0.70875,4.425,0.0,0.1,0.0,0.28889266304347827,0.0962975543478261,0.6012228260869565,0.0,0.013586956521739132,0.0
2014,43.0,29.720249999999997,17.8065,96.7975,2.905875,2.231333333333333,1.387125,0.1970204117484254,0.11804220899212953,0.6416865035192575,0.019263521975402487,0.014791874633669634,0.009195479131115474
2014,46.0,1.1475,0.43875,6.0249999999999995,0.64125,0.06666666666666667,0.033749999999999995,0.13737716366538635,0.05252656257794184,0.7213049334064948,0.07676959146006884,0.007981244076420414,0.004040504813687834
2014,47.0,0.0,0.0,0.15,0.0,0.0,0.0,0.0,0.0,1.0,0.0,0.0,0.0
2014,49.0,0.9112499999999999,0.40499999999999997,0.825,0.0,0.0,0.0,0.425569176882662,0.18914185639229422,0.38528896672504376,0.0,0.0,0.0
2014,50.0,0.0,0.20249999999999999,0.0,0.0,0.0,0.0,0.0,1.0,0.0,0.0,0.0,0.0
2014,51.0,0.0,0.0,0.15,0.0,0.04,0.0,0.0,0.0,0.7894736842105263,0.0,0.21052631578947367,0.0
2014,52.0,0.10124999999999999,0.0,3.9749999999999996,0.0,0.16,0.0,0.023900855709648866,0.0,0.9383298908232517,0.0,0.037769253467099445,0.0
2014,53.0,0.0,0.20249999999999999,0.15,0.20249999999999999,0.0,0.0,0.12520240742721517,0.10528721132930413,0.6245991391269833,0.08975651836257152,0.04503036009967707,0.0
2014,54.0,2.2275,0.20249999999999999,9.674999999999999,0.0,0.060000000000000005,0.0,0.1831072749691739,0.016646115906288537,0.7953144266337855,0.0,0.00493218249075216,0.0
2014,55.0,15.997499999999999,4.168125,70.5,1.9406249999999998,1.53,0.9281249999999999,0.16828070452259322,0.043845289047553304,0.7416027297291967,0.020413798544407405,0.016094357113271927,0.009763121042977455
2014,56.0,23.840999999999998,9.530999999999999,69.94,5.116499999999999,2.3226666666666667,3.3615,0.20892509741834095,0.08352271731446699,0.6129030373490527,0.04483726609374361,0.020354152913202743,0.029457728911193033
2015,1.0,0.19999999999999998,0.19999999999999998,0.75,0.6,0.1,0.0,0.10810810810810811,0.10810810810810811,0.40540540540540543,0.32432432432432434,0.054054054054054064,0.0
2015,2.0,0.0,0.0,0.0,0.0,0.0,0.0,0.14412206253593687,0.12330741347418651,0.588929189448846,0.10724409700036254,0.027256748167820144,0.00914048937284805
2015,6.0,0.1333333333333333,0.033333333333333326,0.85,0.4333333333333333,0.008333333333333333,0.033333333333333326,0.08938547486033517,0.022346368715083793,0.5698324022346368,0.29050279329608936,0.00558659217877095,0.022346368715083793
2015,7.0,0.5333333333333333,0.6333333333333333,1.0,0.2333333333333333,0.10833333333333334,0.033333333333333326,0.2098360655737705,0.24918032786885247,0.3934426229508197,0.09180327868852459,0.042622950819672135,0.013114754098360654
2015,8.0,0.3,0.49999999999999994,0.44999999999999996,0.0,0.0,0.0,0.24000000000000002,0.4,0.36000000000000004,0.0,0.0,0.0
2015,9.0,0.0,0.0,0.075,0.0,0.025,0.0,0.0,0.0,0.75,0.0,0.25000000000000006,0.0
2015,11.0,0.0,1.2,0.075,0.0,0.025,0.0,0.0,0.9230769230769231,0.057692307692307696,0.0,0.019230769230769235,0.0
2015,12.0,0.0,0.0,0.0,0.0,0.0,0.0,0.14412206253593687,0.12330741347418651,0.588929189448846,0.10724409700036254,0.027256748167820144,0.00914048937284805
2015,13.0,0.6499999999999999,0.15,0.975,0.24999999999999997,0.05,0.049999999999999996,0.30588235294117644,0.07058823529411765,0.4588235294117647,0.1176470588235294,0.023529411764705882,0.02352941176470588
2015,14.0,1.65,3.3499999999999996,2.25,0.5499999999999999,0.42500000000000004,0.35,0.19241982507288632,0.3906705539358601,0.26239067055393595,0.06413994169096211,0.049562682215743455,0.040816326530612256
2015,15.0,0.15,0.15,0.9749999999999999,0.049999999999999996,0.07500000000000001,0.049999999999999996,0.10344827586206899,0.10344827586206899,0.6724137931034483,0.03448275862068966,0.0517241379310345,0.03448275862068966
2015,16.0,0.3,0.3,1.875,0.6,0.07500000000000001,0.0,0.09523809523809523,0.09523809523809523,0.5952380952380952,0.19047619047619047,0.023809523809523815,0.0
2015,17.0,0.31666666666666665,0.31666666666666665,1.4749999999999999,0.95,0.125,0.14999999999999997,0.09499999999999999,0.09499999999999999,0.44249999999999995,0.285,0.0375,0.04499999999999999
2015,19.0,0.09999999999999999,0.0,0.375,0.19999999999999998,0.0,0.0,0.14814814814814814,0.0,0.5555555555555556,0.2962962962962963,0.0,0.0
2015,20.0,0.0,0.0,0.525,0.19999999999999998,0.07500000000000001,0.0,0.0,0.0,0.65625,0.24999999999999997,0.09375000000000001,0.0
2015,21.0,1.5666666666666664,0.49999999999999994,5.6,0.7,0.5166666666666667,0.09999999999999999,0.17439703153988867,0.055658627087198514,0.6233766233766234,0.07792207792207792,0.05751391465677181,0.011131725417439703
2015,23.0,0.09999999999999999,0.0,0.075,0.0,0.0,0.0,0.5714285714285714,0.0,0.4285714285714286,0.0,0.0,0.0
2015,24.0,0.09999999999999999,0.0,1.425,0.6,0.0,0.0,0.047058823529411764,0.0,0.6705882352941177,0.2823529411764706,0.0,0.0
2015,25.0,0.7999999999999999,0.0,3.9,1.4,0.05,0.0,0.13008130081300814,0.0,0.6341463414634146,0.22764227642276424,0.008130081300813009,0.0
2015,26.0,1.0333333333333332,0.4333333333333333,7.725,1.0999999999999999,0.275,0.2333333333333333,0.09567901234567898,0.04012345679012345,0.7152777777777777,0.10185185185185182,0.02546296296296296,0.021604938271604934
2015,27.0,85.44999999999999,37.18,196.6625,7.749999999999999,5.038333333333334,4.25,0.25406531763120144,0.11054591585170355,0.5847293215757303,0.023042787731326047,0.01498028974447283,0.012636367465565899
2015,29.0,1.9,0.19999999999999998,8.325,1.5999999999999999,0.2,0.0,0.1554192229038855,0.016359918200409,0.6809815950920246,0.130879345603272,0.016359918200409003,0.0
2015,30.0,3.7499999999999996,0.8166666666666665,21.525,1.0499999999999998,0.48333333333333334,0.14999999999999997,0.135013501350135,0.0294029402940294,0.774977497749775,0.0378037803780378,0.017401740174017404,0.0054005400540054
2015,31.0,0.8666666666666666,0.06666666666666665,1.625,0.8666666666666666,0.04166666666666667,0.06666666666666665,0.2452830188679245,0.018867924528301883,0.4599056603773585,0.2452830188679245,0.01179245283018868,0.018867924528301883
2015,32.0,0.19999999999999998,0.0,0.525,0.39999999999999997,0.025,0.0,0.17391304347826086,0.0,0.4565217391304348,0.34782608695652173,0.02173913043478261,0.0
2015,35.0,3.933333333333333,1.1333333333333333,18.849999999999998,2.333333333333333,0.38333333333333336,0.1333333333333333,0.14694894146948942,0.04234122042341221,0.7042341220423413,0.08717310087173101,0.014321295143212955,0.0049813200498132005
2015,36.0,8.883333333333333,2.3833333333333333,37.1,3.3166666666666664,0.9583333333333334,0.5166666666666666,0.1671108324188744,0.04483461357579557,0.6979150337043424,0.062392224486596634,0.01802790406019752,0.009719391754193445
2015,38.0,0.6,0.09999999999999999,5.1,0.9999999999999999,0.07500000000000001,0.0,0.08727272727272728,0.014545454545454545,0.7418181818181819,0.14545454545454548,0.010909090909090912,0.0
2015,39.0,0.5666666666666667,0.36666666666666664,4.1,0.19999999999999998,0.1,0.0,0.10625000000000001,0.06875000000000002,0.76875,0.037500000000000006,0.018750000000000006,0.0
2015,40.0,1.6266666666666665,1.3266666666666667,15.5825,1.1433333333333333,0.09583333333333334,0.3433333333333333,0.0808549415955596,0.0659431695799851,0.7745422914422998,0.05683042001491178,0.004763482727197416,0.017065694640046394
2015,42.0,1.0333333333333332,0.1333333333333333,5.5,0.033333333333333326,0.058333333333333334,0.033333333333333326,0.15214723926380366,0.019631901840490795,0.8098159509202455,0.004907975460122699,0.008588957055214725,0.004907975460122699
2015,43.0,29.55333333333333,18.906666666666666,96.64,2.653333333333333,2.961666666666667,0.9866666666666666,0.1948121861987893,0.12463057975631997,0.6370398040012745,0.017490469232374944,0.019522967227343143,0.006503993583898221
2015,46.0,1.65,0.24999999999999997,7.949999999999999,1.0499999999999998,0.025,0.14999999999999997,0.1489841986455982,0.02257336343115124,0.7178329571106095,0.0948081264108352,0.0022573363431151244,0.013544018058690743
2015,47.0,0.0,0.19999999999999998,0.0,0.0,0.0,0.0,0.0,1.0,0.0,0.0,0.0,0.0
2015,49.0,0.09999999999999999,0.19999999999999998,0.3,0.0,0.025,0.0,0.15999999999999998,0.31999999999999995,0.48,0.0,0.04,0.0
2015,50.0,0.0,0.0,0.0,0.0,0.0,0.0,0.14412206253593687,0.12330741347418651,0.588929189448846,0.10724409700036254,0.027256748167820144,0.00914048937284805
2015,51.0,0.0,0.0,0.0,0.0,0.0,0.0,0.14412206253593687,0.12330741347418651,0.588929189448846,0.10724409700036254,0.027256748167820144,0.00914048937284805
2015,52.0,0.49999999999999994,0.0,2.3249999999999997,0.19999999999999998,0.0,0.0,0.1652892561983471,0.0,0.768595041322314,0.06611570247933886,0.0,0.0
2015,53.0,0.0,0.0,0.3,0.0,0.0,0.0,0.14412206253593685,0.1233074134741865,0.588929189448846,0.10724409700036253,0.027256748167820147,0.0
2015,54.0,2.3166666666666664,1.3166666666666664,11.9,0.5166666666666666,0.4666666666666667,0.11666666666666664,0.13927855711422846,0.07915831663326652,0.7154308617234469,0.03106212424849699,0.028056112224448898,0.007014028056112223
2015,55.0,15.623333333333331,5.823333333333332,77.85499999999999,2.523333333333333,2.225,1.3233333333333333,0.148266481083133,0.05526382386435531,0.73884917120081,0.0239466025559914,0.021115399215487794,0.012558522080222703
2015,56.0,24.77333333333333,11.746666666666666,72.785,3.3466666666666662,2.9183333333333334,2.613333333333333,0.20961782541249466,0.09939359751798052,0.6158651812156254,0.028317585671978555,0.02469327316316457,0.022112537018756165
2016,1.0,0.19999999999999998,0.0,0.525,0.19999999999999998,0.275,0.0,0.16666666666666666,0.0,0.43750000000000006,0.16666666666666666,0.22916666666666669,0.0
2016,2.0,0.0,0.0,0.0,0.0,0.0,0.0,0.15066440976730824,0.06059324576835985,0.6378672946393261,0.08053512344241458,0.055147971112247715,0.015191955270343383
2016,6.0,0.0,0.0,0.15,0.0,0.0,0.0,0.0,0.0,1.0,0.0,0.0,0.0
2016,7.0,0.09999999999999999,0.0,0.6749999999999999,0.19999999999999998,0.25,0.0,0.0816326530612245,0.0,0.5510204081632654,0.163265306122449,0.20408163265306126,0.0
2016,8.0,0.0,0.0,0.0,0.0,0.0,0.0,0.15066440976730824,0.06059324576835985,0.6378672946393261,0.08053512344241458,0.055147971112247715,0.015191955270343383
2016,9.0,0.0,0.0,0.0,0.0,0.0,0.0,0.15066440976730824,0.06059324576835985,0.6378672946393261,0.08053512344241458,0.055147971112247715,0.015191955270343383
2016,11.0,0.0,0.0,0.22499999999999998,0.0,0.025,0.0,0.0,0.0,0.9,0.0,0.10000000000000002,0.0
2016,12.0,0.0,0.0,0.0,0.0,0.0,0.0,0.15066440976730824,0.06059324576835985,0.6378672946393261,0.08053512344241458,0.055147971112247715,0.015191955270343383
2016,13.0,0.09999999999999999,0.0,0.225,0.09999999999999999,0.0,0.09999999999999999,0.19047619047619047,0.0,0.42857142857142855,0.19047619047619047,0.0,0.19047619047619047
2016,14.0,0.6,2.5,0.45,0.39999999999999997,0.375,0.19999999999999998,0.13259668508287295,0.5524861878453039,0.0994475138121547,0.08839779005524862,0.08287292817679559,0.04419889502762431
2016,15.0,0.0,0.19999999999999998,0.3,0.0,0.0,0.0,0.0,0.39999999999999997,0.6,0.0,0.0,0.0
2016,16.0,0.0,0.0,1.7999999999999998,0.6,0.1,0.0,0.0,0.0,0.72,0.24,0.04,0.0
2016,17.0,0.2666666666666666,0.16666666666666663,1.625,0.39999999999999997,0.05,0.19999999999999998,0.09846153846153845,0.061538461538461535,0.6000000000000001,0.1476923076923077,0.018461538461538463,0.07384615384615385
2016,19.0,0.09999999999999999,0.0,0.075,0.0,0.0,0.0,0.5714285714285714,0.0,0.4285714285714286,0.0,0.0,0.0
2016,20.0,0.0,0.0,0.0,0.0,0.0,0.0,0.15066440976730824,0.06059324576835985,0.6378672946393261,0.08053512344241458,0.055147971112247715,0.015191955270343383
2016,21.0,0.7999999999999999,0.39999999999999997,2.925,0.033333333333333326,0.058333333333333334,0.033333333333333326,0.18823529411764708,0.09411764705882354,0.6882352941176472,0.00784313725490196,0.013725490196078433,0.00784313725490196
2016,23.0,0.0,0.0,0.15,0.0,0.0,0.0,0.0,0.0,1.0,0.0,0.0,0.0
2016,24.0,0.19999999999999998,0.0,0.6,0.19999999999999998,0.0,0.0,0.2,0.0,0.6000000000000001,0.2,0.0,0.0
2016,25.0,0.6666666666666666,0.2666666666666666,1.5499999999999998,0.6,0.1,0.0,0.20942408376963353,0.08376963350785341,0.4869109947643979,0.1884816753926702,0.03141361256544504,0.0
2016,26.0,1.0333333333333332,0.1333333333333333,5.175,0.0,0.03333333333333333,0.0,0.16209150326797384,0.020915032679738557,0.8117647058823529,0.0,0.00522875816993464,0.0
2016,27.0,93.12333333333332,36.65333333333333,196.38,6.839999999999999,5.6258333333333335,4.84,0.2711310065388021,0.10671713311739514,0.5717654765804128,0.019914837864395674,0.016379760041731875,0.014091785857262437
2016,29.0,0.8999999999999999,0.19999999999999998,3.0,0.19999999999999998,0.125,0.0,0.2033898305084745,0.04519774011299434,0.6779661016949152,0.04519774011299434,0.028248587570621462,0.0
2016,30.0,1.9833333333333332,0.6833333333333332,9.5,0.9166666666666666,0.25833333333333336,0.11666666666666664,0.1473684210526316,0.05077399380804953,0.7058823529411765,0.06811145510835914,0.019195046439628487,0.008668730650154798
2016,31.0,0.2833333333333333,0.08333333333333331,1.375,0.3833333333333333,0.058333333333333334,0.1833333333333333,0.11971830985915495,0.035211267605633804,0.5809859154929579,0.1619718309859155,0.024647887323943667,0.07746478873239436
2016,32.0,0.09999999999999999,0.0,0.075,0.0,0.0,0.0,0.5714285714285714,0.0,0.4285714285714286,0.0,0.0,0.0
2016,35.0,3.0999999999999996,0.49999999999999994,11.625,0.8999999999999999,0.325,0.09999999999999999,0.18731117824773413,0.030211480362537763,0.7024169184290031,0.054380664652567974,0.01963746223564955,0.006042296072507553
2016,36.0,2.7066666666666666,1.4066666666666665,16.38,1.0399999999999998,0.5416666666666667,0.23999999999999996,0.12129359922324297,0.06303682127119277,0.7340354021958324,0.04660542236164015,0.02427365748002092,0.010755097468070804
2016,38.0,0.3,0.0,2.025,0.19999999999999998,0.0,0.0,0.1188118811881188,0.0,0.801980198019802,0.07920792079207921,0.0,0.0
2016,39.0,1.0833333333333333,0.08333333333333331,2.425,0.08333333333333331,0.008333333333333333,0.08333333333333331,0.2876106194690266,0.022123893805309734,0.6438053097345133,0.022123893805309734,0.002212389380530974,0.022123893805309734
2016,40.0,1.2999999999999998,0.29999999999999993,8.85,0.3333333333333333,0.13333333333333333,0.1333333333333333,0.11764705882352942,0.027149321266968326,0.8009049773755658,0.0301659125188537,0.01206636500754148,0.012066365007541479
2016,42.0,0.19999999999999998,0.0,2.4,0.09999999999999999,0.05,0.09999999999999999,0.07017543859649124,0.0,0.8421052631578948,0.03508771929824562,0.01754385964912281,0.03508771929824562
2016,43.0,29.409999999999997,21.94333333333333,108.445,2.143333333333333,2.8833333333333333,1.5766666666666664,0.17674101821896818,0.13186967277971975,0.6517062128784769,0.012880479963141395,0.017327550805781196,0.009475065353912722
2016,46.0,0.4333333333333333,0.5333333333333332,5.725,0.4333333333333333,0.03333333333333333,0.033333333333333326,0.06025492468134414,0.07415990730011586,0.7960602549246814,0.06025492468134414,0.004634994206257242,0.004634994206257241
2016,47.0,0.0,0.0,0.0,0.0,0.0,0.0,0.15066440976730824,0.06059324576835985,0.6378672946393261,0.08053512344241458,0.055147971112247715,0.015191955270343383
2016,49.0,0.0,0.19999999999999998,0.75,0.0,0.0,0.0,0.0,0.21052631578947367,0.7894736842105263,0.0,0.0,0.0
2016,50.0,0.0,0.0,0.0,0.0,0.05,0.0,0.0,0.0,0.0,0.0,1.0,0.0
2016,51.0,0.0,0.0,0.15,0.0,0.0,0.0,0.0,0.0,1.0,0.0,0.0,0.0
2016,52.0,0.49999999999999994,0.0,1.125,0.19999999999999998,0.05,0.0,0.26666666666666666,0.0,0.6,0.10666666666666666,0.02666666666666667,0.0
2016,53.0,0.09999999999999999,0.0,0.075,0.39999999999999997,0.0,0.0,0.15066440976730827,0.060593245768359866,0.6378672946393261,0.08053512344241459,0.05514797111224773,0.0
2016,54.0,1.6333333333333333,0.3333333333333333,10.0,0.2333333333333333,0.058333333333333334,0.033333333333333326,0.13288135593220338,0.027118644067796602,0.8135593220338981,0.018983050847457623,0.0047457627118644066,0.00271186440677966
2016,55.0,19.87333333333333,5.066666666666666,78.3175,2.223333333333333,2.089166666666667,0.8566666666666666,0.18328824397442206,0.04672897196261683,0.7223084727004427,0.02050541072306936,0.019268015248401382,0.007900885391047713
2016,56.0,15.439999999999998,7.073333333333332,44.684999999999995,2.0799999999999996,1.7033333333333334,1.413333333333333,0.21327439740313558,0.09770472178097016,0.6172387595828442,0.028731265971406867,0.023528328383636075,0.01952252687800723
2017,1.0,0.0,0.0,0.15,0.0,0.0,0.0,0.0,0.0,1.0,0.0,0.0,0.0
2017,2.0,0.0,0.0,0.0,0.0,0.0,0.0,0.1631927123182677,0.10373973378094287,0.626188152453578,0.06713446248422172,0.02910549179169311,0.010639447171296754
2017,6.0,0.0,0.0,0.0,0.0,0.0,0.0,0.1631927123182677,0.10373973378094287,0.626188152453578,0.06713446248422172,0.02910549179169311,0.010639447171296754
2017,7.0,0.0,0.0,0.0,0.0,0.0,0.0,0.1631927123182677,0.10373973378094287,0.626188152453578,0.06713446248422172,0.02910549179169311,0.010639447171296754
2017,8.0,0.0,0.0,0.0,0.0,0.0,0.0,0.1631927123182677,0.10373973378094287,0.626188152453578,0.06713446248422172,0.02910549179169311,0.010639447171296754
2017,9.0,0.0,0.0,0.0,0.0,0.0,0.0,0.1631927123182677,0.10373973378094287,0.626188152453578,0.06713446248422172,0.02910549179169311,0.010639447171296754
2017,11.0,0.0,0.19999999999999998,0.0,0.0,0.0,0.0,0.0,1.0,0.0,0.0,0.0,0.0
2017,12.0,0.0,0.0,0.0,0.0,0.0,0.0,0.1631927123182677,0.10373973378094287,0.626188152453578,0.06713446248422172,0.02910549179169311,0.010639447171296754
2017,13.0,0.0,0.0,0.0,0.0,0.0,0.0,0.1631927123182677,0.10373973378094287,0.626188152453578,0.06713446248422172,0.02910549179169311,0.010639447171296754
2017,14.0,0.39999999999999997,0.39999999999999997,0.3,0.0,0.15000000000000002,0.0,0.32,0.32,0.24000000000000002,0.0,0.12000000000000004,0.0
2017,15.0,0.0,0.0,0.0,0.0,0.0,0.0,0.1631927123182677,0.10373973378094287,0.626188152453578,0.06713446248422172,0.02910549179169311,0.010639447171296754
2017,16.0,0.19999999999999998,0.0,0.15,0.0,0.0,0.0,0.5714285714285714,0.0,0.4285714285714286,0.0,0.0,0.0
2017,17.0,0.09999999999999999,0.09999999999999999,0.15,0.0,0.0,0.0,0.2857142857142857,0.2857142857142857,0.4285714285714286,0.0,0.0,0.0
2017,19.0,0.0,0.0,0.0,0.0,0.0,0.0,0.1631927123182677,0.10373973378094287,0.626188152453578,0.06713446248422172,0.02910549179169311,0.010639447171296754
2017,20.0,0.0,0.0,0.0,0.0,0.0,0.0,0.1631927123182677,0.10373973378094287,0.626188152453578,0.06713446248422172,0.02910549179169311,0.010639447171296754
2017,21.0,0.06666666666666665,0.0,1.0999999999999999,0.0,0.21666666666666667,0.0,0.04819277108433735,0.0,0.7951807228915664,0.0,0.15662650602409642,0.0
2017,23.0,0.0,0.0,0.0,0.0,0.0,0.0,0.1631927123182677,0.10373973378094287,0.626188152453578,0.06713446248422172,0.02910549179169311,0.010639447171296754
2017,24.0,0.0,0.0,0.075,0.39999999999999997,0.07500000000000001,0.0,0.0,0.0,0.13636363636363638,0.7272727272727273,0.1363636363636364,0.0
2017,25.0,0.15,0.049999999999999996,0.22499999999999998,0.049999999999999996,0.0,0.049999999999999996,0.28571428571428575,0.09523809523809525,0.4285714285714286,0.09523809523809525,0.0,0.09523809523809525
2017,26.0,0.19999999999999998,0.19999999999999998,0.525,0.0,0.025,0.0,0.21052631578947367,0.21052631578947367,0.5526315789473685,0.0,0.026315789473684213,0.0
2017,27.0,34.919999999999995,14.436666666666666,98.04249999999999,4.02,2.645,1.7199999999999998,0.22415628460316356,0.09267094965791346,0.6293482970562906,0.025804933107237044,0.01697861892254776,0.01104091665284769
2017,29.0,0.16666666666666663,0.06666666666666665,0.875,0.06666666666666665,0.016666666666666666,0.06666666666666665,0.13245033112582782,0.052980132450331126,0.6953642384105961,0.052980132450331126,0.013245033112582785,0.052980132450331126
2017,30.0,0.4333333333333333,0.4333333333333333,2.425,0.033333333333333326,0.058333333333333334,0.033333333333333326,0.12682926829268293,0.12682926829268293,0.7097560975609757,0.00975609756097561,0.017073170731707322,0.00975609756097561
2017,31.0,0.0,0.0,0.3,0.19999999999999998,0.0,0.0,0.0,0.0,0.6,0.39999999999999997,0.0,0.0
2017,32.0,0.0,0.0,0.15,0.0,0.0,0.0,0.0,0.0,1.0,0.0,0.0,0.0
2017,35.0,0.8999999999999999,0.09999999999999999,2.4,0.0,0.1,0.0,0.2571428571428571,0.02857142857142857,0.6857142857142857,0.0,0.028571428571428574,0.0
2017,36.0,0.4666666666666666,0.06666666666666665,3.35,0.19999999999999998,0.05,0.0,0.11290322580645158,0.016129032258064512,0.8104838709677419,0.04838709677419353,0.012096774193548385,0.0
2017,38.0,0.0,0.0,0.525,0.0,0.025,0.0,0.0,0.0,0.9545454545454546,0.0,0.04545454545454546,0.0
2017,39.0,0.16666666666666663,0.06666666666666665,0.35,0.19999999999999998,0.07500000000000001,0.0,0.1941747572815534,0.07766990291262135,0.4077669902912622,0.2330097087378641,0.08737864077669906,0.0
2017,40.0,0.19999999999999998,0.0,1.95,0.0,0.0,0.0,0.09302325581395349,0.0,0.9069767441860466,0.0,0.0,0.0
2017,42.0,0.3,0.0,0.825,0.0,0.0,0.0,0.26666666666666666,0.0,0.7333333333333333,0.0,0.0,0.0
2017,43.0,24.53333333333333,15.7,80.55,1.9999999999999998,2.8916666666666666,0.5999999999999999,0.19428496007391274,0.12433181548208276,0.6378934864383291,0.015838447832112454,0.022899755823929255,0.004751534349633735
2017,46.0,0.1333333333333333,0.033333333333333326,1.45,0.033333333333333326,0.008333333333333333,0.033333333333333326,0.07881773399014777,0.019704433497536943,0.8571428571428572,0.019704433497536943,0.004926108374384237,0.019704433497536943
2017,47.0,0.0,0.0,0.0,0.0,0.0,0.0,0.1631927123182677,0.10373973378094287,0.626188152453578,0.06713446248422172,0.02910549179169311,0.010639447171296754
2017,49.0,0.0,0.0,0.0,0.0,0.0,0.0,0.1631927123182677,0.10373973378094287,0.626188152453578,0.06713446248422172,0.02910549179169311,0.010639447171296754
2017,50.0,0.0,0.0,0.0,0.0,0.0,0.0,0.1631927123182677,0.10373973378094287,0.626188152453578,0.06713446248422172,0.02910549179169311,0.010639447171296754
2017,51.0,0.0,0.0,0.0,0.0,0.0,0.0,0.1631927123182677,0.10373973378094287,0.626188152453578,0.06713446248422172,0.02910549179169311,0.010639447171296754
2017,52.0,0.35,0.15,0.6,0.049999999999999996,0.0,0.049999999999999996,0.2916666666666667,0.125,0.5,0.041666666666666664,0.0,0.041666666666666664
2017,53.0,0.0,0.0,0.0,0.0,0.0,0.0,0.1631927123182677,0.10373973378094287,0.626188152453578,0.06713446248422172,0.029105491791693115,0.010639447171296754
2017,54.0,0.7333333333333333,0.033333333333333326,2.05,0.033333333333333326,0.058333333333333334,0.033333333333333326,0.24929178470254956,0.011331444759206798,0.6968838526912181,0.011331444759206798,0.0198300283286119,0.011331444759206798
2017,55.0,9.116666666666665,3.0166666666666666,49.512499999999996,2.033333333333333,1.5708333333333333,0.7333333333333333,0.13816620358676435,0.04571861581207376,0.7503788835564537,0.030815862591563527,0.023806516797171006,0.011113917655973731
2017,56.0,2.9466666666666663,1.18,12.66,0.6133333333333333,0.45833333333333337,0.3466666666666666,0.16186029479080835,0.06481735786871737,0.6954133479813238,0.03369037810125423,0.025176233635448134,0.019042387622448042
